id,name,region,winner2019,age_under_25,age_25_34,age_35_49,age_50_64,age_over_65,immigrant,white,religion_christian,religion_islam,religion_hindu,religion_other,base_con,base_lab,base_ld,base_ref,base_grn,base_snp,base_pc,base_min
E14001063,Aldershot,South East,Con,12.30%,19.40%,25.50%,23.10%,19.80%,22.20%,79.40%,43.20%,2.20%,5.20%,5.60%,0.784,0.925,-0.164,0.011,-1.046,,,-2.81
E14001064,Aldridge-Brownhills,West Midlands,Con,10.90%,14.00%,21.60%,25.80%,27.70%,6.30%,85.40%,53.60%,2.20%,1.30%,5.90%,0.985,0.881,-1.138,0.196,-1.07,,,
E14001065,Altrincham and Sale West,North West,Con,10.40%,12.70%,27.90%,24.80%,24.20%,14.60%,80.60%,50.50%,6.40%,3.00%,3.40%,0.724,1.181,-0.555,-0.501,-0.841,,,-2.882
E14001066,Amber Valley,East Midlands,Con,10.50%,15.00%,21.50%,26.50%,26.50%,3.60%,97.60%,43.90%,0.20%,0.10%,0.90%,0.753,1.045,-1.201,0.338,-1.16,,,
E14001067,Arundel and South Downs,South East,Con,8.90%,9.70%,19.10%,27.90%,34.30%,8.10%,96.80%,54.20%,0.30%,0.20%,1.10%,0.897,0.445,0.21,0.094,-0.491,,,-3.576
E14001068,Ashfield,East Midlands,Con,11.30%,15.70%,22.50%,25.90%,24.60%,6.00%,95.70%,42.10%,0.60%,0.30%,0.80%,0.014,0.764,-1.389,0.975,-0.922,,,-0.674
E14001069,Ashford,South East,Con,12.10%,17.40%,24.90%,24.30%,21.40%,15.20%,86.10%,45.50%,1.90%,2.50%,2.80%,0.71,0.96,-0.531,0.164,-0.621,,,-3.393
E14001070,Ashton-under-Lyne,North West,Lab,12.30%,17.80%,24.40%,24.90%,20.50%,14.60%,79.40%,46.70%,10.60%,2.40%,0.70%,0.062,1.342,-1.309,0.234,-0.806,,,-2.254
E14001071,Aylesbury,South East,Con,11.60%,17.40%,27.00%,24.40%,19.60%,18.20%,78.40%,45.70%,8.70%,2.60%,1.50%,0.739,0.832,0.309,-0.224,-1.022,,,-2.659
E14001072,Banbury,South East,Con,11.10%,16.10%,24.20%,24.80%,23.80%,16.00%,89.70%,50.70%,3.70%,0.40%,1.50%,0.703,0.952,0.039,-0.085,-0.995,,,-2.765
E14001073,Barking,London,Lab,15.80%,21.20%,32.20%,20.40%,10.30%,43.30%,42.20%,43.70%,27.60%,2.80%,2.70%,-0.126,1.404,-1.091,-0.06,-0.631,,,-1.515
E14001074,Barnsley North,Yorkshire and The Humber,Lab,11.30%,17.40%,22.50%,25.90%,22.90%,6.70%,96.80%,51.30%,0.60%,0.20%,0.60%,-0.345,1.179,-1.082,0.737,-0.766,,,-2.152
E14001075,Barnsley South,Yorkshire and The Humber,Lab,11.60%,17.50%,22.40%,25.80%,22.80%,7.30%,96.80%,49.70%,0.60%,0.20%,0.70%,-0.487,1.195,-1.309,0.867,-1.054,,,-2.96
E14001076,Barrow and Furness,North West,Con,10.70%,14.70%,20.10%,26.90%,27.60%,3.80%,97.40%,54.30%,0.40%,0.10%,0.80%,0.583,1.25,-1.435,0.11,-1.16,,,-3.275
E14001077,Basildon and Billericay,Eastern,Con,12.10%,17.50%,25.40%,23.90%,21.00%,12.10%,87.20%,46.60%,1.90%,1.20%,1.10%,0.849,0.86,-0.694,0.334,-1.086,,,-2.743
E14001078,Basingstoke,South East,Con,11.60%,18.60%,27.00%,23.40%,19.30%,17.80%,85.60%,42.60%,2.00%,3.00%,2.40%,0.661,1.097,-0.498,-0.043,-0.828,,,-3.075
E14001079,Bassetlaw,East Midlands,Con,10.60%,15.20%,21.60%,26.50%,26.10%,7.20%,96.20%,54.90%,0.60%,0.20%,0.80%,0.626,1.106,-1.258,0.436,-1.346,,,
E14001080,Bath,South West,LD,25.20%,14.40%,19.70%,20.40%,20.20%,17.40%,88.50%,39.20%,1.50%,0.70%,1.70%,0.001,-0.143,1.403,-0.512,-1.011,,,-2.309
E14001081,Battersea,London,Lab,12.40%,34.90%,26.30%,16.20%,10.20%,39.80%,67.90%,43.60%,8.50%,1.20%,1.90%,0.261,1.387,-0.543,-0.608,-0.754,,,-2.428
E14001082,Beaconsfield,South East,Con,9.90%,12.90%,24.40%,26.40%,26.50%,16.00%,79.60%,48.20%,3.60%,3.40%,6.70%,0.894,0.455,0.184,0.175,-0.915,,,-1.801
E14001083,Beckenham and Penge,London,Lab,9.70%,17.10%,29.80%,23.80%,19.60%,23.30%,72.80%,46.40%,4.20%,2.10%,1.90%,0.442,1.246,-0.369,-0.212,-0.819,,,
E14001084,Bedford,Eastern,Lab,13.10%,18.20%,26.20%,22.90%,19.70%,28.10%,69.30%,46.60%,10.20%,1.90%,4.40%,0.4,1.28,-0.615,-0.143,-0.825,,,-2.96
E14001085,Bermondsey and Old Southwark,London,Lab,17.30%,32.00%,25.30%,17.00%,8.40%,45.50%,56.00%,41.20%,9.80%,1.80%,2.60%,-0.251,1.273,0.468,-0.819,-0.766,,,-2.017
E14001086,Bethnal Green and Stepney,London,Lab,21.10%,31.90%,26.20%,13.40%,7.40%,46.40%,35.70%,18.30%,46.60%,1.30%,2.20%,-0.766,1.512,-0.965,-0.94,-0.331,,,-0.663
E14001087,Beverley and Holderness,Yorkshire and The Humber,Con,9.90%,11.10%,19.20%,27.80%,32.00%,3.90%,97.80%,52.80%,0.40%,0.20%,0.70%,0.851,0.927,-0.458,0.132,-1.288,,,-2.743
E14001088,Bexhill and Battle,South East,Con,9.00%,10.20%,16.70%,26.30%,37.80%,7.30%,95.60%,50.90%,0.60%,0.20%,1.10%,0.839,0.806,-0.236,0.085,-0.905,,,-1.908
E14001089,Bexleyheath and Crayford,London,Con,12.30%,16.00%,25.90%,24.40%,21.30%,19.30%,73.20%,49.90%,3.70%,3.10%,3.90%,0.795,1.029,-1.034,0.274,-1.21,,,
E14001090,Bicester and Woodstock,South East,Con,10.30%,16.70%,25.60%,24.80%,22.60%,16.30%,89.30%,50.80%,1.60%,0.90%,1.50%,0.722,0.286,0.854,-0.155,-1.099,,,-3.106
E14001091,Birkenhead,North West,Lab,12.30%,16.10%,23.20%,25.70%,22.80%,7.10%,93.60%,52.90%,1.80%,0.50%,1.10%,-0.605,1.449,-1.046,-0.195,-0.11,,,-2.189
E14001092,Birmingham Edgbaston,West Midlands,Lab,18.50%,18.80%,24.60%,19.90%,18.20%,28.90%,54.30%,38.70%,16.30%,3.30%,6.60%,0.26,1.377,-1.007,-0.217,-0.754,,,-2.477
E14001093,Birmingham Erdington,West Midlands,Lab,14.10%,19.00%,24.70%,24.20%,18.10%,21.40%,63.10%,45.80%,14.20%,1.10%,2.10%,0.318,1.326,-1.263,0.129,-1.066,,,-2.528
E14001094,Birmingham Hall Green and Moseley,West Midlands,Lab,17.20%,19.30%,27.30%,20.30%,15.90%,32.10%,29.60%,18.90%,54.40%,2.80%,3.40%,-0.438,1.437,-0.655,-0.533,-0.498,,,-0.864
E14001095,Birmingham Hodge Hill and Solihull North,West Midlands,Lab,17.40%,18.80%,25.40%,21.50%,17.00%,21.60%,49.70%,32.20%,37.50%,0.40%,0.80%,-0.061,1.412,-1.169,-0.105,-0.543,,,-1.784
E14001096,Birmingham Ladywood,West Midlands,Lab,27.50%,25.00%,24.60%,14.50%,8.30%,43.50%,22.30%,22.30%,49.00%,1.80%,3.60%,-0.775,1.533,-1.453,-1.151,-0.478,,,-0.321
E14001097,Birmingham Northfield,West Midlands,Con,13.00%,17.60%,24.50%,23.60%,21.30%,13.30%,77.80%,46.80%,5.30%,0.80%,1.50%,0.487,1.277,-1.21,0.026,-0.888,,,-2.934
E14001098,Birmingham Perry Barr,West Midlands,Lab,18.30%,19.30%,27.10%,20.90%,14.30%,38.00%,21.00%,25.60%,42.90%,3.30%,11.30%,-0.295,1.51,-1.018,-0.716,-0.647,,,-1.116
E14001099,Birmingham Selly Oak,West Midlands,Lab,25.90%,16.00%,21.60%,19.50%,17.10%,17.60%,68.80%,38.90%,12.90%,1.80%,3.10%,0.012,1.418,-0.995,-0.325,-0.466,,,-2.177
E14001100,Birmingham Yardley,West Midlands,Lab,16.80%,18.80%,26.00%,21.80%,16.60%,26.80%,44.10%,30.00%,42.60%,1.40%,2.30%,0.016,1.346,-0.4,-0.215,-0.884,,,-1.395
E14001101,Bishop Auckland,North East,Con,10.70%,12.30%,20.30%,27.90%,28.80%,3.10%,98.00%,58.10%,0.30%,0.10%,0.70%,0.543,1.21,-1.378,0.267,-1.268,,,-2.908
E14001102,Blackburn,North West,Lab,16.40%,17.90%,26.70%,21.60%,17.50%,22.90%,47.90%,31.30%,46.80%,0.40%,0.50%,-0.155,1.445,-1.378,-0.256,-0.781,,,-0.874
E14001103,Blackley and Middleton South,North West,Lab,14.00%,18.20%,27.10%,23.20%,17.40%,26.90%,63.30%,51.20%,16.30%,0.40%,2.30%,-0.201,1.483,-1.268,0.043,-0.803,,,
E14001104,Blackpool North and Fleetwood,North West,Con,10.00%,13.00%,19.20%,26.40%,31.40%,4.20%,97.30%,55.90%,0.50%,0.10%,0.90%,0.651,1.169,-1.384,0.263,-1.34,,,-3.204
E14001105,Blackpool South,North West,Con,11.90%,16.40%,22.00%,26.70%,23.00%,8.80%,94.10%,49.60%,1.70%,0.40%,1.10%,0.413,1.219,-1.554,0.397,-1.042,,,-2.81
E14001106,Blaydon and Consett,North East,Lab,10.30%,14.30%,22.70%,26.50%,26.20%,3.50%,97.80%,55.50%,0.40%,0.10%,0.80%,0.05,1.33,-1.151,0.334,-0.98,,,-2.7
E14001107,Blyth and Ashington,North East,Lab,11.40%,15.20%,21.50%,26.30%,25.70%,3.10%,97.50%,48.80%,0.70%,0.10%,0.80%,-0.033,1.412,-1.335,0.263,-1.046,,,
E14001108,Bognor Regis and Littlehampton,South East,Con,10.10%,13.60%,19.90%,24.10%,32.30%,12.10%,95.50%,51.10%,0.80%,0.30%,1.00%,0.825,0.83,-0.377,0.276,-1.16,,,-2.494
E14001109,Bolsover,East Midlands,Con,10.50%,16.00%,21.50%,26.90%,25.10%,5.20%,97.40%,48.30%,0.30%,0.20%,0.70%,0.449,1.173,-1.424,0.493,-1.12,,,
E14001110,Bolton North East,North West,Con,13.00%,16.10%,24.40%,23.60%,22.90%,15.20%,75.50%,48.70%,17.00%,1.20%,0.60%,0.481,1.252,-1.278,0.133,-1.003,,,-2.494
E14001111,Bolton South and Walkden,North West,Lab,15.20%,19.30%,25.70%,22.20%,17.60%,22.80%,64.60%,40.80%,25.10%,2.00%,0.70%,-0.02,1.421,-1.373,0.018,-0.725,,,-2.094
E14001112,Bolton West,North West,Con,11.10%,14.70%,23.90%,25.60%,24.60%,10.00%,83.00%,55.10%,9.80%,2.30%,0.80%,0.696,1.172,-0.973,0.041,-1.319,,,-2.511
E14001113,Bootle,North West,Lab,11.90%,17.20%,23.20%,26.30%,21.40%,6.50%,95.40%,64.90%,0.90%,0.50%,0.80%,-1.125,1.658,-1.547,-0.485,-0.595,,,-3.137
E14001114,Boston and Skegness,East Midlands,Con,10.50%,13.70%,20.70%,26.00%,29.20%,16.30%,95.70%,57.40%,1.00%,0.30%,0.80%,0.924,0.594,-1.182,0.706,-1.659,,,-2.241
E14001115,Bournemouth East,South West,Con,12.70%,16.20%,26.50%,22.70%,21.80%,21.20%,88.10%,47.10%,2.60%,1.00%,2.10%,0.624,1.099,-0.395,-0.052,-0.831,,,-2.834
E14001116,Bournemouth West,South West,Con,20.40%,16.90%,21.60%,20.10%,20.90%,19.50%,88.50%,42.30%,2.20%,1.00%,2.00%,0.671,1.04,-0.485,0.061,-0.702,,,-3.239
E14001117,Bracknell,South East,Con,12.40%,18.00%,27.60%,24.10%,18.00%,17.70%,85.70%,46.20%,1.80%,2.50%,2.40%,0.775,1.004,-0.379,-0.022,-1.022,,,-2.787
E14001118,Bradford East,Yorkshire and The Humber,Lab,17.80%,19.00%,27.50%,20.90%,14.90%,25.40%,45.70%,25.90%,44.30%,0.60%,2.40%,-0.231,1.439,-0.809,-0.308,-0.719,,,-1.187
E14001119,Bradford South,Yorkshire and The Humber,Lab,14.30%,17.70%,25.70%,23.80%,18.60%,14.50%,70.40%,37.40%,20.10%,1.40%,1.40%,0.266,1.265,-1.293,0.215,-0.66,,,-2.281
E14001120,Bradford West,Yorkshire and The Humber,Lab,20.30%,20.30%,27.20%,18.30%,14.00%,32.50%,29.50%,19.70%,58.70%,1.50%,1.20%,-0.503,1.541,-1.447,-0.803,-0.538,,,-0.819
E14001121,Braintree,Eastern,Con,11.30%,14.10%,23.10%,26.30%,25.20%,7.50%,95.00%,47.30%,0.70%,0.30%,1.00%,0.963,0.798,-0.655,0.23,-1.293,,,-2.62
E14001122,Brent East,London,Lab,15.00%,21.00%,27.70%,22.20%,14.10%,53.40%,38.00%,41.50%,27.20%,6.40%,3.30%,-0.205,1.539,-1.058,-0.644,-0.677,,,-2.202
E14001123,Brent West,London,Lab,15.90%,21.90%,27.00%,20.20%,15.00%,62.20%,25.60%,34.60%,17.90%,28.30%,4.50%,0.425,1.323,-0.65,-0.505,-0.691,,,-2.528
E14001124,Brentford and Isleworth,London,Lab,12.30%,20.10%,31.80%,20.90%,14.80%,49.30%,45.40%,38.70%,17.30%,10.30%,9.20%,0.143,1.317,-0.361,-0.343,-0.634,,,-1.792
E14001125,Brentwood and Ongar,Eastern,Con,10.80%,15.10%,23.40%,25.50%,25.30%,10.10%,89.60%,55.30%,1.50%,1.50%,2.10%,0.991,0.622,-0.087,0.149,-1.219,,,-3.204
E14001126,Bridgwater,South West,Con,11.10%,15.20%,21.10%,25.20%,27.50%,9.50%,96.30%,49.80%,0.60%,0.10%,0.90%,0.758,0.812,-0.036,0.274,-1.293,,,-2.934
E14001127,Bridlington and The Wolds,Yorkshire and The Humber,Con,8.80%,11.20%,17.80%,26.90%,35.30%,3.60%,98.10%,54.00%,0.50%,0.10%,0.90%,0.921,0.743,-0.731,0.376,-1.116,,,-2.14
E14001128,Brigg and Immingham,Yorkshire and The Humber,Con,9.60%,12.60%,20.50%,27.70%,29.70%,4.40%,97.20%,52.90%,0.70%,0.30%,0.60%,0.953,0.91,-1.011,0.198,-1.095,,,
E14001129,Brighton Kemptown and Peacehaven,South East,Lab,17.60%,15.40%,22.20%,23.60%,21.20%,17.00%,86.70%,35.80%,2.90%,0.80%,2.30%,0.398,1.427,-0.763,,-0.238,,,-2.382
E14001130,Brighton Pavilion,South East,Green,23.80%,18.10%,24.00%,20.70%,13.40%,19.90%,85.30%,26.10%,2.50%,0.70%,3.00%,-0.766,0.832,-1.138,-1.038,1.238,,,-2.477
E14001131,Bristol Central,South West,Lab,33.50%,26.30%,18.00%,13.10%,9.20%,24.30%,78.10%,23.90%,6.10%,1.00%,2.80%,-1.078,1.172,-1.835,-1.541,1.076,,,-2.094
E14001132,Bristol East,South West,Lab,13.00%,23.60%,28.20%,19.70%,15.60%,20.00%,76.50%,31.90%,11.00%,0.60%,2.00%,-0.143,1.495,-0.858,,0.035,,,-1.644
E14001133,Bristol North East,South West,Lab,14.70%,19.90%,25.80%,20.70%,19.00%,17.00%,78.80%,36.20%,8.30%,0.60%,2.40%,0.188,1.36,-0.973,-0.119,-0.59,,,-2.96
E14001134,Bristol North West,South West,Lab,16.70%,17.40%,25.40%,20.30%,20.10%,17.00%,85.60%,39.30%,3.60%,0.80%,1.80%,0.218,1.363,-0.809,-0.473,-0.355,,,-2.765
E14001135,Bristol South,South West,Lab,12.60%,24.80%,25.80%,19.80%,17.00%,12.60%,90.10%,32.30%,2.60%,0.50%,1.20%,0.059,1.34,-0.858,-0.189,-0.256,,,-2.659
E14001136,Broadland and Fakenham,Eastern,Con,9.70%,11.70%,20.50%,26.50%,31.70%,4.70%,97.30%,49.40%,0.30%,0.20%,1.00%,0.8,0.774,-0.07,0.229,-0.895,,,
E14001137,Bromley and Biggin Hill,London,Con,10.70%,15.20%,27.40%,24.60%,22.10%,19.40%,78.20%,48.60%,3.00%,2.70%,1.60%,0.772,0.993,-0.24,-0.055,-1.091,,,-2.908
E14001138,Bromsgrove,West Midlands,Con,10.40%,12.70%,22.70%,26.20%,28.00%,4.80%,93.10%,53.50%,0.90%,0.70%,2.00%,0.886,0.891,-0.469,0.123,-1.229,,,-2.601
E14001139,Broxbourne,Eastern,Con,12.10%,16.20%,25.30%,24.50%,21.90%,17.00%,82.30%,52.90%,4.00%,1.10%,2.60%,0.937,0.817,-0.705,0.244,-1.078,,,-2.787
E14001140,Broxtowe,East Midlands,Con,12.10%,16.20%,21.80%,24.00%,26.00%,10.70%,89.00%,41.80%,2.30%,1.00%,1.80%,0.452,1.247,-1.33,0.221,-1.018,,,-2.721
E14001141,Buckingham and Bletchley,South East,Con,12.30%,15.60%,26.10%,24.60%,21.40%,18.20%,80.20%,47.00%,5.00%,2.80%,1.50%,0.689,1.013,-0.316,0.076,-0.992,,,-2.834
E14001142,Burnley,North West,Con,12.80%,17.10%,23.80%,23.90%,22.50%,14.30%,77.70%,45.60%,18.80%,0.20%,0.70%,0.375,1.222,-0.861,0.233,-0.973,,,-2.582
E14001143,Burton and Uttoxeter,West Midlands,Con,12.00%,17.70%,23.70%,24.60%,22.00%,15.00%,85.20%,49.30%,9.50%,0.30%,1.00%,0.763,1.011,-1.112,0.334,-1.142,,,-3.137
E14001144,Bury North,North West,Con,11.80%,15.10%,23.80%,25.20%,24.10%,11.90%,82.30%,52.10%,12.30%,0.40%,1.20%,0.515,1.361,-1.528,-0.145,-1.278,,,-2.934
E14001145,Bury South,North West,Con,12.90%,17.50%,25.40%,23.30%,20.90%,14.50%,83.00%,42.10%,7.40%,0.50%,16.90%,0.408,1.296,-1.074,0.055,-1.095,,,-2.564
E14001146,Bury St Edmunds and Stowmarket,Eastern,Con,10.80%,15.30%,21.40%,24.50%,27.90%,10.10%,94.80%,48.10%,0.50%,0.30%,1.10%,0.743,0.846,-0.922,0.174,-0.102,,,-3.045
E14001147,Calder Valley,Yorkshire and The Humber,Con,10.30%,13.10%,23.00%,28.10%,25.50%,4.40%,94.90%,44.70%,1.80%,0.20%,1.30%,0.575,1.315,-1.273,-0.127,-1.263,,,-2.908
E14001148,Camborne and Redruth,South West,Con,11.30%,13.90%,21.80%,25.10%,27.90%,5.00%,96.90%,42.50%,0.20%,0.10%,1.10%,0.597,1.173,-0.725,0.069,-1.091,,,-3.075
E14001149,Cambridge,Eastern,Lab,25.50%,24.50%,22.00%,15.20%,12.80%,38.20%,75.40%,34.50%,5.00%,2.00%,2.90%,-0.333,1.317,0.439,,-0.179,,,-1.792
E14001150,Cannock Chase,West Midlands,Con,11.20%,16.70%,22.40%,26.00%,23.70%,3.60%,96.60%,52.40%,0.30%,0.20%,1.00%,0.726,0.983,-1.719,0.491,-0.884,,,
E14001151,Canterbury,South East,Lab,24.30%,13.10%,18.80%,20.50%,23.30%,16.00%,86.40%,45.10%,2.40%,1.00%,1.90%,0.444,1.289,-0.751,-0.183,-0.787,,,-3.106
E14001152,Carlisle,North West,Con,11.40%,15.30%,21.80%,25.90%,25.60%,6.90%,96.70%,52.70%,0.80%,0.30%,0.70%,0.659,1.204,-1.133,0.05,-1.248,,,-3.137
E14001153,Carshalton and Wallington,London,Con,12.00%,16.30%,29.30%,24.20%,18.20%,24.80%,68.60%,45.90%,6.30%,6.40%,1.80%,0.543,0.009,1.147,-0.227,-1.471,,,-2.564
E14001154,Castle Point,Eastern,Con,11.00%,13.10%,20.50%,25.10%,30.40%,4.80%,94.80%,48.70%,0.80%,0.50%,1.50%,1.025,0.737,-1.034,0.443,-1.601,,,
E14001155,Central Devon,South West,Con,9.40%,11.30%,20.10%,27.60%,31.70%,5.70%,97.80%,47.80%,0.20%,0.10%,1.30%,0.723,0.87,0.058,0.011,-0.854,,,-3.075
E14001156,Central Suffolk and North Ipswich,Eastern,Con,11.00%,13.10%,21.40%,26.10%,28.40%,7.80%,93.30%,47.40%,1.30%,0.50%,1.10%,0.707,0.9,-0.722,0.301,-0.489,,,-3.627
E14001157,Chatham and Aylesford,South East,Con,12.20%,17.80%,25.50%,24.30%,20.20%,13.00%,85.80%,45.30%,2.50%,0.90%,2.50%,0.852,0.938,-0.926,0.255,-1.07,,,-2.765
E14001158,Cheadle,North West,Con,9.90%,12.60%,24.70%,25.00%,27.80%,11.10%,82.70%,48.70%,8.70%,1.40%,2.20%,0.614,-0.107,1.219,-0.473,-1.767,,,-2.601
E14001159,Chelmsford,Eastern,Con,11.80%,18.10%,26.50%,22.60%,21.00%,15.20%,85.20%,45.70%,2.80%,2.30%,1.50%,0.723,0.276,0.949,-0.252,-1.623,,,-2.934
E14001160,Chelsea and Fulham,London,Con,14.80%,25.90%,24.80%,20.00%,14.60%,46.50%,70.40%,50.20%,8.70%,1.20%,2.60%,0.746,1.102,-0.193,-0.464,-1.062,,,-2.7
E14001161,Cheltenham,South West,Con,14.00%,16.80%,23.50%,23.00%,22.70%,14.60%,91.20%,45.00%,1.40%,1.00%,1.50%,0.676,-0.639,1.446,,-1.615,,,-3.204
E14001162,Chesham and Amersham,South East,Con,10.50%,11.40%,25.40%,26.40%,26.40%,15.80%,82.00%,48.50%,4.20%,4.40%,3.50%,0.887,-0.06,0.897,-0.377,-0.951,,,-2.295
E14001163,Chester North and Neston,North West,Lab,14.70%,15.70%,21.20%,23.00%,25.40%,10.30%,93.30%,51.10%,1.80%,0.70%,1.10%,0.233,1.438,-1.151,-0.189,-0.962,,,
E14001164,Chester South and Eddisbury,North West,Con,10.30%,11.10%,21.70%,27.70%,29.20%,6.10%,96.20%,58.60%,0.60%,0.40%,0.70%,0.857,0.938,-0.295,-0.054,-1.16,,,-2.7
E14001165,Chesterfield,East Midlands,Lab,10.50%,15.10%,22.00%,26.10%,26.30%,5.10%,95.40%,47.90%,1.00%,0.40%,1.00%,0.219,1.266,-0.951,0.281,-0.828,,,-2.908
E14001166,Chichester,South East,Con,11.70%,13.30%,19.20%,24.10%,31.70%,10.50%,95.00%,51.90%,0.70%,0.30%,1.20%,0.722,-0.029,0.869,0.168,-1.03,,,-2.834
E14001167,Chingford and Woodford Green,London,Con,12.00%,16.50%,27.70%,24.40%,19.50%,27.50%,62.90%,46.20%,13.30%,3.00%,4.30%,0.821,1.052,-1.243,-0.496,-1.234,,,-0.455
E14001168,Chippenham,South West,Con,12.50%,15.20%,22.60%,26.00%,23.80%,9.30%,94.10%,46.90%,0.70%,0.60%,1.20%,0.755,-0.039,0.996,-0.118,-1.554,,,-2.908
E14001169,Chipping Barnet,London,Con,11.50%,15.40%,27.40%,24.40%,21.30%,34.00%,63.40%,42.00%,8.80%,5.50%,12.70%,0.693,1.263,-0.901,-0.423,-1.091,,,-2.882
E14001171,Christchurch,South West,Con,8.40%,9.60%,17.20%,24.50%,40.30%,6.80%,96.80%,54.10%,0.40%,0.20%,1.10%,0.959,0.402,0.121,0.302,-1.243,,,-2.017
E14001172,Cities of London and Westminster,London,Con,16.30%,24.70%,23.70%,20.30%,15.00%,56.80%,60.00%,38.30%,14.40%,3.00%,6.30%,0.603,1.048,0.096,-0.536,-0.708,,,-2.06
E14001173,City of Durham,North East,Lab,23.80%,12.70%,19.30%,21.60%,22.50%,9.40%,92.30%,50.80%,1.30%,0.50%,1.10%,0.101,1.32,-0.562,-0.024,-0.68,,,-2.367
E14001174,Clacton,Eastern,Con,9.40%,11.20%,16.20%,25.50%,37.60%,5.10%,96.10%,50.40%,0.50%,0.20%,1.00%,0.605,0.409,-1.174,1.082,-1.143,,,-2.59
E14001175,Clapham and Brixton Hill,London,Lab,14.90%,35.40%,23.50%,17.40%,8.80%,37.00%,58.60%,43.30%,6.90%,0.70%,2.10%,-0.329,1.505,-0.416,-1.003,-0.46,,,-2.337
E14001176,Colchester,Eastern,Con,15.60%,19.50%,26.20%,20.80%,17.90%,18.50%,83.50%,41.80%,2.70%,1.80%,1.80%,0.659,1.029,-0.295,-0.039,-0.739,,,-2.908
E14001177,Colne Valley,Yorkshire and The Humber,Con,10.50%,14.20%,23.40%,27.10%,24.80%,5.50%,90.70%,44.40%,3.60%,0.30%,1.20%,0.653,1.255,-1.05,-0.171,-1.243,,,-2.679
E14001178,Congleton,North West,Con,9.20%,13.40%,21.90%,26.10%,29.50%,4.30%,96.90%,55.20%,0.40%,0.20%,0.80%,0.837,0.982,-0.825,0.155,-1.234,,,-2.105
E14001179,Corby and East Northamptonshire,East Midlands,Con,11.50%,16.80%,24.90%,25.30%,21.50%,16.70%,93.10%,50.10%,0.60%,0.40%,1.10%,0.568,1.203,-1.078,0.234,-1.424,,,-3.436
E14001180,Coventry East,West Midlands,Lab,14.30%,19.30%,26.70%,22.00%,17.60%,30.60%,61.10%,44.40%,13.40%,3.70%,6.30%,0.118,1.359,-1.026,0.123,-0.933,,,-2.477
E14001181,Coventry North West,West Midlands,Lab,14.10%,18.20%,24.40%,22.30%,20.80%,21.50%,74.90%,47.00%,7.30%,2.90%,5.00%,0.353,1.256,-0.969,0.137,-0.713,,,-2.988
E14001182,Coventry South,West Midlands,Lab,28.00%,16.80%,20.80%,18.10%,16.30%,31.00%,61.40%,40.60%,10.10%,5.10%,6.70%,0.408,1.327,-1.07,-0.174,-0.751,,,-2.639
E14001183,Cramlington and Killingworth,North East,Lab,10.20%,15.30%,23.50%,25.00%,26.10%,3.80%,96.50%,48.20%,0.70%,0.40%,0.90%,0.208,1.306,-1.173,0.284,-1.05,,,-2.601
E14001184,Crawley,South East,Con,12.50%,19.90%,28.40%,22.40%,16.80%,26.80%,73.40%,42.60%,9.70%,5.10%,1.70%,0.575,1.165,-0.955,0.12,-0.884,,,-2.62
E14001185,Crewe and Nantwich,North West,Con,11.10%,17.50%,23.90%,24.40%,23.10%,13.60%,92.90%,53.70%,1.30%,0.50%,0.90%,0.494,1.261,-1.401,0.176,-1.129,,,-3.137
E14001186,Croydon East,London,Lab,13.20%,17.40%,25.70%,24.90%,18.90%,28.60%,55.20%,50.30%,7.90%,4.30%,1.70%,0.483,1.261,-0.803,0.002,-0.919,,,
E14001187,Croydon South,London,Con,10.60%,16.60%,27.30%,23.60%,21.90%,25.80%,62.90%,48.10%,6.60%,6.80%,2.10%,0.86,1.06,-0.647,-0.24,-1.046,,,-2.601
E14001188,Croydon West,London,Lab,13.80%,22.80%,29.30%,22.30%,11.90%,45.40%,33.20%,48.10%,14.30%,7.70%,2.10%,-0.369,1.547,-0.973,-0.56,-0.595,,,-2.295
E14001189,Dagenham and Rainham,London,Lab,14.10%,18.80%,27.90%,22.60%,16.50%,31.70%,58.00%,49.70%,14.60%,2.70%,2.80%,0.338,1.237,-1.151,0.319,-1.074,,,-2.254
E14001190,Darlington,North East,Con,11.50%,15.60%,22.90%,25.50%,24.50%,8.30%,94.10%,51.50%,1.90%,0.40%,1.10%,0.562,1.273,-1.441,0.045,-0.98,,,
E14001191,Dartford,South East,Con,11.50%,20.10%,29.30%,22.10%,17.00%,20.60%,73.40%,47.90%,3.70%,4.00%,2.90%,0.768,1.065,-0.864,0.154,-1.062,,,
E14001192,Daventry,East Midlands,Con,10.30%,14.60%,22.90%,26.90%,25.30%,9.20%,94.20%,50.70%,0.80%,0.50%,1.30%,0.859,0.758,-0.453,0.36,-0.891,,,
E14001193,Derby North,East Midlands,Con,16.50%,17.50%,23.40%,22.00%,20.60%,15.60%,80.20%,40.70%,6.00%,1.40%,4.10%,0.532,1.233,-1.046,0.087,-0.888,,,
E14001194,Derby South,East Midlands,Lab,15.60%,19.10%,26.30%,21.50%,17.40%,27.60%,61.50%,36.60%,19.10%,1.30%,6.30%,0.139,1.297,-1.182,0.279,-0.94,,,-1.862
E14001195,Derbyshire Dales,East Midlands,Con,9.30%,10.80%,20.00%,29.00%,31.00%,3.90%,97.30%,54.30%,0.40%,0.10%,1.20%,0.819,0.958,-0.51,0.069,-0.951,,,-3.204
E14001196,Dewsbury and Batley,Yorkshire and The Humber,Lab,16.30%,18.20%,26.40%,21.70%,17.30%,19.10%,51.20%,28.10%,43.70%,0.30%,0.60%,0.078,1.308,-1.046,-0.094,-0.545,,,-1.014
E14001197,Didcot and Wantage,South East,Con,10.20%,17.80%,25.90%,24.20%,21.90%,12.70%,92.50%,46.70%,1.00%,1.00%,1.20%,0.608,0.218,1.03,-0.22,-1.288,,,-3.17
E14001198,Doncaster Central,Yorkshire and The Humber,Lab,11.50%,17.80%,24.20%,24.00%,22.50%,18.30%,87.50%,50.70%,4.80%,0.70%,2.10%,0.167,1.215,-1.243,0.484,-0.908,,,-2.309
E14001199,Doncaster East and the Isle of Axholme,Yorkshire and The Humber,Con,10.70%,14.80%,21.60%,26.70%,26.30%,5.50%,96.10%,54.30%,1.10%,0.30%,0.90%,0.572,1.047,-1.346,0.527,-1.086,,,-2.882
E14001200,Doncaster North,Yorkshire and The Humber,Lab,11.80%,16.20%,21.50%,26.10%,24.40%,5.60%,96.80%,49.50%,0.50%,0.30%,0.80%,0.486,1.445,-1.003,,-0.757,,,-1.268
E14001201,Dorking and Horley,South East,Con,10.00%,12.70%,23.70%,26.50%,27.10%,12.50%,91.70%,50.70%,1.50%,1.00%,1.10%,0.638,-0.325,1.188,-0.283,-1.086,,,
E14001202,Dover and Deal,South East,Con,10.60%,14.50%,20.80%,25.80%,28.40%,8.70%,94.70%,49.10%,0.60%,0.60%,1.30%,0.622,1.132,-1.038,0.241,-1.107,,,-3.204
E14001203,Droitwich and Evesham,West Midlands,Con,10.00%,13.90%,21.60%,26.10%,28.40%,9.20%,96.70%,57.40%,0.70%,0.20%,1.10%,0.929,0.654,-0.129,0.222,-0.992,,,-3.352
E14001204,Dudley,West Midlands,Con,12.50%,17.60%,23.30%,24.10%,22.50%,10.60%,80.20%,48.40%,7.60%,1.10%,2.80%,0.784,1.087,-1.418,0.214,-1.243,,,-2.858
E14001205,Dulwich and West Norwood,London,Lab,12.80%,24.60%,28.30%,22.30%,12.00%,33.20%,54.90%,42.80%,7.60%,1.10%,2.20%,-0.639,1.549,-1.378,-1.142,0.076,,,-2.397
E14001206,Dunstable and Leighton Buzzard,Eastern,Con,10.70%,18.30%,26.20%,23.80%,21.00%,15.50%,87.30%,48.50%,2.10%,1.40%,1.40%,0.874,0.847,-0.193,-0.01,-0.915,,,-3.275
E14001207,Ealing Central and Acton,London,Lab,14.30%,23.80%,28.60%,19.60%,13.80%,49.40%,55.70%,40.80%,16.60%,2.40%,3.70%,0.031,1.393,-0.274,-0.691,-0.536,,,-2.337
E14001208,Ealing North,London,Lab,13.80%,18.40%,29.00%,23.10%,15.70%,49.40%,43.30%,42.90%,20.30%,9.80%,5.30%,0.111,1.452,-1.007,-0.442,-0.705,,,-2.337
E14001209,Ealing Southall,London,Lab,13.40%,18.80%,29.90%,22.60%,15.30%,53.00%,30.70%,30.20%,19.30%,10.20%,20.20%,-0.155,1.481,-0.898,-0.652,-0.498,,,-1.595
E14001210,Earley and Woodley,South East,Con,15.50%,16.50%,27.70%,22.30%,18.00%,24.90%,69.50%,39.80%,8.50%,6.40%,3.60%,0.878,1.059,0.162,,-0.803,,,-2.62
E14001211,Easington,North East,Lab,11.70%,14.80%,22.00%,26.80%,24.80%,2.70%,98.10%,55.60%,0.30%,0.10%,0.80%,-0.258,1.33,-1.273,0.508,-1.011,,,-2.094
E14001212,East Grinstead and Uckfield,South East,Con,10.10%,12.30%,22.90%,27.20%,27.40%,10.30%,94.10%,48.70%,0.90%,0.50%,1.60%,1.078,0.498,0.411,,-0.438,,,-1.34
E14001213,East Ham,London,Lab,17.30%,21.70%,31.30%,19.30%,10.30%,55.60%,20.20%,26.90%,47.10%,9.80%,3.40%,-0.46,1.564,-1.099,-0.825,-0.565,,,-1.367
E14001214,East Hampshire,South East,Con,10.10%,11.60%,21.40%,27.60%,29.30%,8.70%,96.10%,51.60%,0.50%,0.30%,1.10%,0.871,0.161,0.647,0.054,-0.919,,,-3.045
E14001215,East Surrey,South East,Con,10.80%,13.30%,24.80%,26.10%,24.90%,11.40%,88.60%,50.80%,1.60%,1.20%,1.10%,0.911,0.543,0.239,0.103,-1.151,,,-2.743
E14001216,East Thanet,South East,Con,11.20%,14.80%,22.30%,24.70%,27.10%,10.80%,92.20%,45.10%,1.70%,0.60%,1.40%,0.537,1.144,-1.201,0.256,-0.728,,,-3.016
E14001217,East Wiltshire,South West,Con,12.30%,16.30%,23.20%,24.50%,23.70%,11.90%,91.80%,51.80%,0.60%,1.00%,1.60%,0.865,0.835,-0.247,0.125,-1.142,,,-2.882
E14001218,East Worthing and Shoreham,South East,Con,10.40%,13.00%,24.30%,25.20%,27.10%,9.40%,92.60%,43.10%,1.40%,0.50%,1.60%,0.55,1.228,-0.958,-0.055,-0.8,,,-2.765
E14001219,Eastbourne,South East,Con,11.20%,13.90%,21.30%,24.10%,29.50%,15.20%,90.90%,45.90%,2.20%,0.50%,1.50%,0.546,-0.408,1.236,-0.079,-1.735,,,-2.743
E14001220,Eastleigh,South East,Con,10.60%,15.60%,24.70%,24.60%,24.50%,10.60%,90.80%,45.70%,1.40%,1.40%,2.00%,0.657,-0.075,1.079,-0.158,-1.356,,,-2.858
E14001221,Edmonton and Winchmore Hill,London,Lab,14.80%,17.00%,26.60%,24.10%,17.50%,44.20%,46.00%,46.40%,22.80%,3.40%,4.70%,0.084,1.473,-1.116,-0.406,-0.819,,,-2.397
E14001222,Ellesmere Port and Bromborough,North West,Lab,11.30%,17.10%,22.90%,25.50%,23.20%,6.10%,96.00%,54.00%,0.90%,0.30%,0.90%,-0.276,1.5,-1.034,-0.145,-0.751,,,-2.679
E14001223,Eltham and Chislehurst,London,Con,12.30%,16.90%,28.20%,23.20%,19.40%,25.70%,71.30%,47.90%,5.50%,2.60%,2.20%,0.474,1.242,-0.992,0.069,-0.901,,,-2.679
E14001224,Ely and East Cambridgeshire,Eastern,Con,9.80%,14.70%,25.40%,24.90%,25.20%,12.80%,93.70%,47.90%,0.70%,0.60%,1.20%,0.819,0.463,0.59,-0.007,-1.309,,,-2.721
E14001225,Enfield North,London,Lab,14.80%,17.30%,28.20%,23.60%,16.10%,35.10%,52.50%,46.70%,17.70%,2.10%,4.70%,0.208,1.37,-0.995,-0.156,-0.663,,,-2.428
E14001226,Epping Forest,Eastern,Con,11.40%,15.60%,25.70%,24.70%,22.70%,16.00%,81.20%,48.30%,4.20%,2.60%,6.40%,1.081,0.969,-0.365,,-0.8,,,-1.418
E14001227,Epsom and Ewell,South East,Con,11.50%,13.60%,26.90%,24.40%,23.60%,20.00%,81.90%,49.00%,4.10%,3.00%,1.50%,0.788,0.358,0.719,-0.121,-1.112,,,-2.267
E14001228,Erewash,East Midlands,Con,11.30%,16.50%,22.70%,25.70%,23.90%,5.60%,95.20%,40.80%,0.50%,0.50%,1.00%,0.622,1.16,-1.424,0.282,-1.133,,,-3.106
E14001229,Erith and Thamesmead,London,Lab,14.10%,19.80%,29.50%,23.50%,13.20%,39.50%,46.10%,50.20%,8.80%,4.40%,4.80%,-0.146,1.489,-1.125,-0.233,-0.772,,,-2.352
E14001230,Esher and Walton,South East,Con,9.90%,12.80%,29.70%,25.50%,22.20%,19.80%,86.20%,50.60%,2.60%,1.70%,2.00%,0.639,-0.61,1.296,-0.427,-1.727,,,-2.858
E14001231,Exeter,South West,Lab,27.70%,16.00%,19.70%,18.40%,18.30%,16.40%,89.40%,38.50%,2.30%,0.60%,1.60%,-0.14,1.377,-0.973,-0.184,-0.107,,,-3.016
E14001232,Exmouth and Exeter East,South West,Con,10.40%,14.50%,22.10%,23.80%,29.20%,7.40%,96.20%,47.30%,0.70%,0.20%,1.00%,0.792,0.443,0.226,0.257,-0.861,,,-1.484
E14001233,Fareham and Waterlooville,South East,Con,10.00%,14.00%,20.80%,25.70%,29.60%,6.50%,95.70%,46.90%,0.60%,0.30%,1.00%,0.821,0.585,0.243,0.243,-1.099,,,-3.275
E14001234,Farnham and Bordon,South East,Con,11.50%,12.50%,24.20%,26.00%,25.90%,12.70%,93.40%,50.40%,1.40%,0.30%,1.20%,0.869,-0.096,0.895,-0.093,-1.406,,,-2.639
E14001235,Faversham and Mid Kent,South East,Con,10.70%,14.60%,23.30%,25.80%,25.70%,8.60%,93.70%,48.90%,1.10%,0.60%,1.10%,0.816,0.83,-0.361,0.241,-0.926,,,-2.81
E14001236,Feltham and Heston,London,Lab,13.80%,19.70%,30.50%,21.60%,14.40%,50.40%,37.40%,37.10%,17.80%,10.40%,14.30%,0.26,1.315,-0.947,-0.006,-0.677,,,-2.397
E14001237,Filton and Bradley Stoke,South West,Con,16.90%,18.90%,25.40%,21.10%,17.70%,16.90%,85.20%,41.40%,2.80%,2.30%,1.60%,0.572,1.271,-0.895,-0.119,-0.999,,,
E14001238,Finchley and Golders Green,London,Con,11.70%,19.00%,28.70%,21.40%,19.10%,45.00%,60.50%,30.80%,10.90%,4.80%,23.40%,0.885,0.899,-0.009,-0.541,-0.828,,,-2.412
E14001239,Folkestone and Hythe,South East,Con,10.30%,13.40%,20.30%,26.00%,30.00%,11.10%,92.00%,47.20%,1.10%,1.70%,2.10%,0.655,0.917,-0.623,0.331,-0.543,,,-3.106
E14001240,Forest of Dean,South West,Con,11.20%,12.40%,19.30%,27.10%,30.00%,5.10%,97.50%,50.90%,0.30%,0.10%,1.10%,0.716,0.902,-0.926,0.229,-0.229,,,-3.863
E14001241,Frome and East Somerset,South West,Con,10.90%,13.50%,22.10%,26.80%,26.70%,6.60%,96.80%,45.10%,0.30%,0.10%,1.20%,0.55,0.398,0.786,-0.017,-0.608,,,-3.137
E14001242,Fylde,North West,Con,8.80%,11.80%,19.30%,27.40%,32.80%,5.70%,96.30%,61.50%,0.70%,0.30%,1.10%,0.849,0.999,-0.929,0.093,-1.138,,,-2.083
E14001243,Gainsborough,East Midlands,Con,9.70%,12.50%,20.10%,27.40%,30.30%,4.90%,97.00%,54.70%,0.40%,0.30%,0.80%,0.945,0.798,-0.478,0.239,-1.471,,,-2.639
E14001244,Gateshead Central and Whickham,North East,Lab,12.40%,17.50%,23.20%,24.20%,22.70%,10.20%,91.10%,48.60%,2.90%,0.40%,3.80%,0.071,1.292,-0.655,0.126,-0.748,,,-1.966
E14001245,Gedling,East Midlands,Con,10.30%,15.50%,23.40%,25.40%,25.40%,8.10%,88.60%,41.40%,2.30%,0.60%,1.80%,0.467,1.3,-1.224,0.059,-1.062,,,-3.313
E14001246,Gillingham and Rainham,South East,Con,13.40%,16.50%,24.00%,24.00%,22.20%,13.70%,84.20%,45.60%,3.00%,1.30%,2.20%,0.691,1.136,-1.019,0.197,-1.298,,,-3.54
E14001247,Glastonbury and Somerton,South West,Con,10.70%,12.10%,18.90%,26.80%,31.50%,7.00%,97.20%,51.40%,0.30%,0.20%,1.60%,0.694,-0.48,1.15,-0.033,-1.441,,,
E14001248,Gloucester,South West,Con,13.90%,18.00%,24.40%,23.80%,19.90%,15.20%,84.20%,46.90%,5.10%,0.90%,1.10%,0.64,1.113,-0.585,0.116,-1.151,,,-2.934
E14001249,Godalming and Ash,South East,Con,10.30%,12.40%,24.60%,25.80%,26.80%,12.20%,93.80%,52.70%,0.90%,0.50%,1.20%,0.731,-0.014,1.07,-0.354,-1.474,,,-2.617
E14001250,Goole and Pocklington,Yorkshire and The Humber,Con,10.00%,13.40%,22.10%,26.80%,27.70%,7.00%,97.00%,55.10%,0.60%,0.30%,0.70%,0.929,0.876,-0.895,0.231,-1.248,,,-2.367
E14001251,Gorton and Denton,North West,Lab,14.70%,18.80%,27.60%,22.40%,16.50%,28.90%,56.50%,39.00%,28.40%,0.50%,1.10%,-0.471,1.535,-1.103,-0.31,-0.68,,,-1.871
E14001252,Gosport,South East,Con,11.20%,14.10%,21.20%,25.60%,27.80%,7.10%,95.50%,45.90%,0.50%,0.30%,0.90%,0.919,0.672,-0.186,0.244,-1.074,,,-2.564
E14001253,Grantham and Bourne,East Midlands,Con,10.20%,13.50%,21.70%,26.50%,28.10%,9.70%,95.60%,55.10%,0.60%,0.70%,0.90%,0.872,0.811,-0.748,0.333,-0.922,,,-2.62
E14001254,Gravesham,South East,Con,12.30%,16.70%,25.20%,24.10%,21.80%,19.30%,76.60%,49.20%,3.10%,1.40%,9.00%,0.8,1.045,-1.091,0.212,-1.03,,,
E14001255,Great Grimsby and Cleethorpes,Yorkshire and The Humber,Con,12.10%,17.00%,21.90%,25.60%,23.40%,7.40%,96.10%,42.10%,1.30%,0.20%,0.90%,0.6,1.121,-1.155,0.366,-1.229,,,-3.17
E14001256,Great Yarmouth,Eastern,Con,11.00%,14.10%,20.40%,25.60%,29.00%,9.80%,94.60%,46.70%,0.70%,0.40%,0.90%,0.711,0.9,-1.356,0.627,-1.243,,,-3.17
E14001257,Greenwich and Woolwich,London,Lab,13.40%,28.60%,30.50%,17.50%,10.00%,41.20%,55.40%,40.20%,9.10%,3.90%,3.90%,-0.236,1.501,-0.61,-0.781,-0.505,,,-2.215
E14001258,Guildford,South East,Con,21.20%,14.50%,22.90%,21.70%,19.70%,22.10%,84.50%,46.90%,2.50%,1.60%,1.80%,0.548,-0.217,1.206,-0.252,-1.471,,,-2.382
E14001259,Hackney North and Stoke Newington,London,Lab,14.80%,26.90%,28.20%,19.20%,10.80%,36.00%,55.10%,26.80%,13.50%,0.70%,15.90%,-0.734,1.573,-1.142,-1.099,-0.065,,,-2.177
E14001260,Hackney South and Shoreditch,London,Lab,14.00%,32.60%,26.70%,17.70%,8.90%,42.70%,50.40%,34.40%,13.30%,0.80%,4.80%,-0.984,1.643,-1.155,-1.268,-0.293,,,-2.227
E14001261,Halesowen,West Midlands,Con,11.80%,16.50%,23.10%,23.90%,24.70%,8.10%,82.40%,46.70%,7.80%,0.50%,2.50%,0.764,1.154,-1.324,0.116,-1.278,,,
E14001262,Halifax,Yorkshire and The Humber,Lab,12.60%,16.80%,24.40%,24.50%,21.70%,12.30%,77.80%,38.50%,16.60%,0.90%,0.90%,0.392,1.244,-0.995,0.102,-0.739,,,-2.494
E14001263,Hamble Valley,South East,Con,10.60%,14.90%,24.10%,26.20%,24.10%,7.50%,94.90%,48.00%,0.60%,0.50%,1.00%,0.933,0.372,0.474,-0.005,-1.082,,,-2.858
E14001264,Hammersmith and Chiswick,London,Lab,13.20%,24.40%,27.30%,20.90%,14.20%,45.20%,63.40%,43.30%,11.60%,1.50%,3.00%,0.154,1.406,-0.605,-0.621,-0.577,,,-2.352
E14001265,Hampstead and Highgate,London,Lab,11.80%,24.10%,28.10%,20.30%,15.70%,44.80%,65.50%,32.30%,11.50%,2.40%,9.90%,0.054,1.284,-0.009,-0.955,-0.183,,,-2.083
E14001266,"Harborough, Oadby and Wigston",East Midlands,Con,12.20%,13.80%,22.90%,24.50%,26.60%,14.30%,75.30%,40.80%,6.80%,6.70%,5.80%,0.854,0.955,-0.285,-0.135,-1.058,,,-2.743
E14001267,Harlow,Eastern,Con,11.90%,18.20%,25.90%,24.00%,20.10%,16.70%,84.40%,46.20%,3.50%,0.90%,1.50%,0.855,0.949,-1.112,0.262,-0.988,,,-2.81
E14001268,Harpenden and Berkhamsted,Eastern,Con,9.90%,10.70%,27.10%,27.10%,25.30%,11.10%,91.70%,50.90%,1.10%,0.90%,1.90%,0.726,-0.07,1.073,-0.298,-1.346,,,-2.743
E14001269,Harrogate and Knaresborough,Yorkshire and The Humber,Con,10.80%,13.20%,23.00%,26.30%,26.70%,10.20%,94.90%,53.40%,0.70%,0.30%,1.00%,0.784,-0.126,1.069,-0.287,-1.704,,,-2.62
E14001270,Harrow East,London,Con,13.00%,18.60%,26.10%,21.80%,20.50%,53.50%,36.40%,33.80%,15.10%,28.00%,9.60%,0.834,1.182,-1.107,-0.295,-1.258,,,-2.546
E14001271,Harrow West,London,Lab,13.40%,20.50%,29.40%,21.00%,15.70%,53.80%,34.30%,35.30%,17.80%,24.30%,4.80%,0.231,1.42,-0.881,-0.451,-0.819,,,-2.295
E14001272,Hartlepool,North East,Lab,12.20%,15.20%,21.40%,26.80%,24.40%,4.00%,96.40%,52.50%,1.30%,0.20%,0.70%,-0.048,1.276,-1.255,0.563,-1.415,,,-1.839
E14001273,Harwich and North Essex,Eastern,Con,12.90%,12.40%,20.60%,25.20%,28.90%,7.30%,94.00%,47.40%,0.90%,0.40%,1.20%,0.811,0.99,-0.597,0.083,-0.922,,,
E14001274,Hastings and Rye,South East,Con,10.60%,14.30%,21.90%,26.60%,26.70%,10.80%,92.00%,39.60%,1.70%,0.50%,1.60%,0.553,1.194,-0.988,-0.042,-0.536,,,-3.313
E14001275,Havant,South East,Con,10.70%,14.00%,20.40%,26.20%,28.80%,6.50%,95.70%,44.80%,0.50%,0.30%,1.00%,0.829,0.739,-0.321,0.347,-0.838,,,-3.681
E14001276,Hayes and Harlington,London,Lab,14.70%,20.40%,30.40%,21.40%,13.20%,48.40%,32.10%,32.50%,20.00%,11.80%,17.50%,0.139,1.432,-1.229,-0.137,-0.895,,,-2.397
E14001277,Hazel Grove,North West,Con,9.90%,14.00%,22.60%,25.20%,28.30%,5.40%,94.40%,51.00%,1.40%,0.30%,0.80%,0.581,0.247,1.059,-0.242,-1.567,,,-2.96
E14001278,Hemel Hempstead,Eastern,Con,11.20%,18.50%,26.80%,23.60%,19.90%,16.80%,83.40%,45.10%,4.40%,2.10%,1.60%,0.705,1.063,-0.419,0.076,-1.112,,,
E14001279,Hendon,London,Con,14.50%,21.80%,29.00%,19.90%,14.60%,49.60%,49.70%,36.70%,16.50%,6.80%,17.00%,0.619,1.26,-0.988,-0.329,-0.944,,,-1.997
E14001280,Henley and Thame,South East,Con,9.90%,12.10%,23.00%,26.70%,28.30%,11.50%,94.10%,52.30%,0.80%,0.40%,1.20%,0.7,-0.419,1.17,-0.4,-1.003,,,-2.96
E14001281,Hereford and South Herefordshire,West Midlands,Con,10.60%,14.20%,21.30%,26.00%,27.90%,10.40%,96.30%,53.70%,0.50%,0.30%,1.00%,0.834,0.866,-0.308,0.134,-0.962,,,-2.858
E14001282,Herne Bay and Sandwich,South East,Con,10.00%,12.10%,19.70%,25.80%,32.50%,6.40%,95.30%,51.00%,0.70%,0.40%,1.20%,0.969,0.757,-0.533,0.184,-0.838,,,
E14001283,Hertford and Stortford,Eastern,Con,10.80%,16.40%,26.60%,24.80%,21.40%,12.70%,90.90%,47.80%,1.50%,0.70%,1.50%,0.714,0.966,-0.361,0.026,-0.577,,,-3.393
E14001284,Hertsmere,Eastern,Con,11.70%,14.50%,26.20%,24.60%,23.10%,22.20%,78.00%,42.70%,3.60%,4.50%,18.70%,0.988,0.88,-0.56,-0.036,-1.182,,,-3.106
E14001285,Hexham,North East,Con,9.10%,10.30%,20.00%,28.40%,32.10%,4.30%,96.70%,55.60%,0.60%,0.40%,1.30%,0.901,1.276,-0.841,,-0.919,,,-2.129
E14001286,Heywood and Middleton North,North West,Lab,12.10%,17.20%,23.90%,24.70%,22.20%,12.60%,82.00%,52.30%,10.40%,0.30%,0.70%,0.257,1.317,-1.125,0.376,,,,-1.688
E14001287,High Peak,East Midlands,Con,10.10%,13.50%,21.70%,28.50%,26.20%,4.20%,97.50%,48.50%,0.30%,0.10%,1.00%,0.444,1.377,-1.384,-0.129,-1.062,,,
E14001288,Hinckley and Bosworth,East Midlands,Con,10.00%,14.90%,22.70%,25.90%,26.50%,6.10%,95.00%,50.40%,0.60%,0.80%,1.20%,0.934,0.413,0.436,0.062,-1.34,,,-3.239
E14001289,Hitchin,Eastern,Con,10.30%,15.50%,27.60%,24.80%,21.80%,10.30%,88.00%,43.60%,1.50%,1.10%,2.60%,0.6,1,0.175,-0.159,-1.07,,,-2.96
E14001290,Holborn and St Pancras,London,Lab,23.60%,23.50%,22.10%,18.40%,12.40%,44.80%,54.80%,30.60%,19.70%,1.40%,4.10%,-0.507,1.487,-0.713,-0.968,-0.361,,,-0.865
E14001291,Honiton and Sidmouth,South West,Con,8.70%,10.10%,17.90%,25.90%,37.40%,6.20%,97.40%,51.00%,0.40%,0.10%,1.00%,0.773,0.107,0.808,0.137,-1.502,,,-2.546
E14001292,Hornchurch and Upminster,London,Con,11.80%,15.80%,24.80%,23.80%,23.70%,16.30%,79.90%,53.60%,4.00%,2.30%,2.70%,0.94,0.851,-0.955,0.27,-1.219,,,-2.241
E14001293,Hornsey and Friern Barnet,London,Lab,10.50%,21.20%,30.60%,22.60%,15.10%,36.20%,69.70%,34.10%,7.60%,1.90%,6.80%,-0.705,1.495,-0.097,-1.219,-0.351,,,-2.083
E14001294,Horsham,South East,Con,10.60%,14.90%,24.20%,26.10%,24.20%,11.60%,92.40%,47.90%,1.10%,0.70%,1.20%,0.851,0.201,0.828,-0.219,-1.239,,,-3.239
E14001295,Houghton and Sunderland South,North East,Lab,11.10%,15.70%,21.70%,26.40%,25.20%,2.70%,97.50%,54.80%,0.40%,0.10%,0.70%,0.046,1.305,-1.155,0.435,-0.977,,,
E14001296,Hove and Portslade,South East,Lab,11.20%,18.20%,28.20%,24.00%,18.40%,19.80%,85.70%,34.10%,3.40%,0.70%,3.30%,-0.116,1.495,-0.977,-0.634,-0.44,,,-2.309
E14001297,Huddersfield,Yorkshire and The Humber,Lab,16.50%,17.10%,23.80%,22.60%,20.00%,20.20%,61.80%,35.80%,21.60%,0.60%,2.80%,0.21,1.377,-1.026,-0.215,-0.469,,,
E14001298,Huntingdon,Eastern,Con,10.30%,15.70%,24.10%,25.40%,24.50%,14.40%,91.20%,47.70%,1.90%,0.50%,1.20%,0.808,0.829,-0.231,0.156,-0.98,,,-2.309
E14001299,Hyndburn,North West,Con,12.70%,16.80%,22.90%,24.80%,22.80%,9.00%,82.40%,50.10%,14.80%,0.10%,0.60%,0.533,1.285,-1.478,0.089,-1.058,,,
E14001300,Ilford North,London,Lab,14.20%,19.30%,28.90%,21.30%,16.30%,44.60%,33.00%,29.20%,30.60%,14.30%,10.00%,0.321,1.39,-1.288,-0.21,-0.929,,,-2.227
E14001301,Ilford South,London,Lab,16.50%,20.70%,30.70%,19.40%,12.60%,50.00%,22.00%,25.90%,41.40%,10.80%,9.20%,-0.22,1.481,-1.178,-0.505,-0.605,,,-1.164
E14001302,Ipswich,Eastern,Con,13.10%,18.70%,25.90%,22.30%,20.00%,19.20%,83.40%,42.20%,4.00%,1.10%,1.40%,0.535,1.24,-1.239,0.088,-0.908,,,-3.137
E14001303,Isle of Wight East,South East,Con,8.80%,10.30%,17.30%,27.30%,36.20%,6.10%,97.20%,48.70%,0.30%,0.20%,1.20%,0.686,0.878,-0.819,0.287,-0.319,,,-2.412
E14001304,Isle of Wight West,South East,Con,9.50%,13.00%,19.10%,26.10%,32.30%,6.10%,96.70%,46.70%,0.50%,0.20%,1.30%,0.617,0.97,-0.908,0.113,-0.118,,,-2.601
E14001305,Islington North,London,Lab,13.20%,30.40%,26.70%,18.60%,11.10%,38.20%,61.90%,33.70%,12.40%,0.90%,3.90%,-0.766,1.247,-0.805,-1.041,-0.507,,,0.462
E14001306,Islington South and Finsbury,London,Lab,16.00%,30.90%,24.40%,17.80%,10.90%,41.60%,62.30%,35.50%,11.40%,1.10%,3.50%,-0.507,1.501,-0.48,-0.822,-0.353,,,-1.956
E14001307,Jarrow and Gateshead East,North East,Lab,11.00%,16.00%,22.40%,26.20%,24.40%,4.40%,95.80%,53.90%,1.40%,0.20%,0.70%,-0.256,1.36,-1.116,0.338,-0.816,,,-1.862
E14001308,Keighley and Ilkley,Yorkshire and The Humber,Con,11.70%,14.40%,23.20%,25.00%,25.70%,10.10%,80.10%,42.10%,15.70%,0.30%,0.90%,0.781,1.173,-1.346,-0.143,-0.901,,,-2.721
E14001309,Kenilworth and Southam,West Midlands,Con,12.00%,12.40%,21.40%,26.10%,28.20%,8.80%,92.90%,53.40%,0.80%,0.90%,1.70%,0.902,0.663,0.106,0.016,-0.905,,,-3.393
E14001310,Kensington and Bayswater,London,Lab,14.60%,22.50%,25.50%,22.40%,15.10%,55.70%,61.40%,45.20%,12.60%,1.20%,4.00%,0.51,1.232,-0.337,-0.498,-0.794,,,-2.295
E14001311,Kettering,East Midlands,Con,11.30%,16.60%,25.10%,24.30%,22.70%,13.90%,90.20%,47.30%,1.40%,0.90%,1.90%,0.753,1.081,-1.155,0.144,-0.881,,,-3.239
E14001312,Kingston and Surbiton,London,LD,14.50%,18.30%,28.80%,21.40%,16.90%,32.10%,70.50%,42.60%,6.90%,4.80%,2.90%,0.115,-0.375,1.398,-0.395,-1.234,,,-1.889
E14001313,Kingston upon Hull East,Yorkshire and The Humber,Lab,12.90%,18.20%,23.10%,24.50%,21.30%,6.60%,96.10%,38.40%,1.20%,0.20%,0.70%,0,1.214,-0.766,0.532,-0.803,,,
E14001314,Kingston upon Hull North and Cottingham,Yorkshire and The Humber,Lab,17.00%,18.20%,23.70%,21.80%,19.20%,16.00%,89.50%,41.90%,4.60%,0.30%,1.00%,0.05,1.274,-0.647,0.242,-0.766,,,-2.337
E14001315,Kingston upon Hull West and Haltemprice,Yorkshire and The Humber,Con,11.50%,17.70%,22.70%,24.80%,23.30%,11.80%,92.30%,44.40%,3.20%,0.30%,0.90%,0.372,1.172,-0.688,0.365,-1.116,,,-2.988
E14001316,Kingswinford and South Staffordshire,West Midlands,Con,9.80%,11.80%,19.80%,26.70%,31.90%,3.20%,94.30%,59.50%,0.50%,0.50%,2.00%,1.022,0.749,-1.074,0.317,-1.187,,,-2.96
E14001317,Knowsley,North West,Lab,12.50%,18.10%,22.30%,26.20%,20.80%,5.20%,95.90%,67.00%,0.60%,0.20%,0.50%,-1.201,1.654,-1.601,-0.478,-0.597,,,-2.639
E14001318,Lancaster and Wyre,North West,Con,21.80%,13.40%,19.20%,22.30%,23.20%,10.60%,91.30%,52.20%,2.40%,0.60%,1.20%,0.421,1.266,-1.319,-0.039,-0.357,,,
E14001319,Leeds Central and Headingley,Yorkshire and The Humber,Lab,47.00%,19.80%,14.30%,10.10%,8.70%,23.30%,71.10%,29.00%,9.90%,1.70%,2.80%,-0.613,1.533,-0.858,-0.696,-0.243,,,-2.352
E14001320,Leeds East,Yorkshire and The Humber,Lab,13.50%,17.90%,25.10%,23.10%,20.40%,17.80%,74.00%,45.20%,12.70%,0.70%,1.80%,0.308,1.261,-1.395,0.253,-0.988,,,-1.651
E14001321,Leeds North East,Yorkshire and The Humber,Lab,11.10%,18.00%,27.80%,22.50%,20.60%,20.70%,63.70%,36.30%,13.60%,2.40%,9.30%,-0.186,1.504,-0.751,-0.694,-0.577,,,-2.117
E14001322,Leeds North West,Yorkshire and The Humber,Con,10.10%,14.20%,25.10%,24.10%,26.50%,7.00%,91.70%,48.60%,2.10%,0.70%,1.80%,0.517,1.251,-0.501,-0.355,-0.861,,,-2.511
E14001323,Leeds South,Yorkshire and The Humber,Lab,16.50%,23.70%,26.10%,19.90%,13.80%,26.80%,67.90%,42.70%,12.10%,1.20%,1.40%,0.012,1.538,-0.984,,-0.387,,,-1.309
E14001324,Leeds South West and Morley,Yorkshire and The Humber,Con,10.90%,17.70%,25.10%,25.20%,21.00%,7.70%,91.40%,44.10%,1.70%,1.10%,1.60%,0.539,1.261,-1.541,0.11,-1.062,,,-2.679
E14001325,Leeds West and Pudsey,Yorkshire and The Humber,Lab,12.00%,20.40%,25.90%,22.70%,19.00%,12.40%,84.60%,40.40%,5.80%,0.90%,2.50%,0.285,1.37,-1.351,-0.005,-0.891,,,-2.601
E14001326,Leicester East,East Midlands,Lab,15.40%,17.50%,27.70%,22.20%,17.30%,50.50%,20.10%,14.90%,25.60%,37.60%,7.50%,0.35,1.209,-1.066,-0.229,-0.685,,,-0.577
E14001327,Leicester South,East Midlands,Lab,28.10%,18.50%,22.40%,17.90%,13.10%,40.00%,39.00%,21.90%,34.80%,8.30%,4.80%,-0.367,1.419,-1.278,-0.444,-0.181,,,-0.861
E14001328,Leicester West,East Midlands,Lab,18.20%,20.40%,26.60%,20.40%,14.50%,32.80%,63.40%,37.20%,10.50%,7.40%,3.80%,0.153,1.237,-0.965,0.245,-0.458,,,-2.267
E14001329,Leigh and Atherton,North West,Con,11.30%,17.20%,23.70%,25.10%,22.60%,7.00%,94.00%,59.70%,1.50%,0.30%,0.70%,0.257,1.337,-1.378,0.28,-1.335,,,-2.988
E14001330,Lewes,South East,Con,9.70%,11.00%,19.80%,25.70%,33.90%,8.10%,95.00%,43.70%,0.70%,0.30%,1.60%,0.576,-0.58,1.22,-0.2,-0.898,,,-3.527
E14001331,Lewisham East,London,Lab,12.50%,20.10%,29.80%,23.90%,13.70%,35.10%,48.70%,49.00%,7.50%,3.10%,2.00%,-0.377,1.526,-0.728,-0.613,-0.533,,,-2.428
E14001332,Lewisham North,London,Lab,14.50%,28.90%,28.40%,19.10%,9.20%,39.80%,49.90%,40.50%,8.30%,1.60%,3.00%,-0.784,1.606,-1.022,-1.164,-0.233,,,-2.267
E14001333,Lewisham West and East Dulwich,London,Lab,10.00%,24.00%,32.00%,21.30%,12.80%,28.10%,62.20%,39.60%,5.30%,1.10%,2.10%,-0.597,1.57,-1.038,-1.022,-0.339,,,-1.581
E14001334,Leyton and Wanstead,London,Lab,11.60%,23.60%,31.30%,19.90%,13.50%,41.00%,51.90%,38.80%,22.20%,2.30%,3.30%,-0.379,1.552,-0.922,-0.797,-0.466,,,-2.227
E14001335,Lichfield,West Midlands,Con,9.90%,13.30%,21.80%,26.00%,29.00%,4.30%,96.00%,55.00%,0.50%,0.30%,1.10%,0.896,0.952,-0.851,0.166,-1.263,,,-2.882
E14001336,Lincoln,East Midlands,Con,23.20%,17.80%,20.90%,20.00%,18.10%,14.10%,92.80%,43.20%,1.70%,0.40%,1.20%,0.491,1.271,-1.187,0.035,-0.94,,,-2.882
E14001337,Liverpool Garston,North West,Lab,10.70%,16.20%,23.10%,25.30%,24.80%,8.00%,91.10%,62.40%,1.90%,0.80%,1.50%,-0.68,1.556,-0.797,-0.605,-0.699,,,-1.471
E14001338,Liverpool Riverside,North West,Lab,31.20%,22.40%,18.30%,15.70%,12.40%,24.30%,74.20%,47.10%,10.10%,1.20%,1.50%,-1.116,1.631,-1.496,-0.895,-0.306,,,-1.637
E14001339,Liverpool Walton,North West,Lab,12.90%,18.00%,23.70%,25.50%,20.00%,9.40%,92.20%,67.10%,1.40%,0.40%,0.70%,-1.054,1.673,-1.561,-0.59,-0.763,,,-2.397
E14001340,Liverpool Wavertree,North West,Lab,23.90%,18.00%,21.60%,19.40%,17.10%,17.90%,78.20%,49.40%,8.30%,0.80%,2.00%,-0.977,1.597,-0.955,-0.94,-0.229,,,-2.281
E14001341,Liverpool West Derby,North West,Lab,12.40%,17.80%,22.90%,25.60%,21.30%,9.90%,90.10%,65.80%,2.40%,0.40%,0.80%,-1.066,1.668,-1.484,-0.56,-0.831,,,-2.215
E14001342,Loughborough,East Midlands,Con,24.20%,14.50%,20.30%,20.40%,20.40%,15.20%,83.00%,41.20%,4.30%,4.00%,1.50%,0.608,1.277,-1.234,-0.155,-0.884,,,
E14001343,Louth and Horncastle,East Midlands,Con,8.80%,11.30%,16.80%,27.30%,35.80%,3.80%,97.90%,53.90%,0.30%,0.10%,0.80%,0.892,0.718,-1.112,0.628,-1.547,,,-2.494
E14001344,Lowestoft,Eastern,Con,10.20%,13.50%,19.80%,25.00%,31.50%,4.50%,96.90%,43.80%,0.40%,0.20%,1.00%,0.691,1.058,-1.215,0.303,-0.775,,,
E14001345,Luton North,Eastern,Lab,14.60%,17.40%,27.20%,22.50%,18.30%,33.20%,44.40%,38.80%,32.50%,3.60%,2.30%,0.161,1.36,-0.915,-0.107,-0.816,,,-1.767
E14001346,Luton South and South Bedfordshire,Eastern,Lab,16.20%,21.20%,27.80%,20.30%,14.50%,39.90%,51.40%,38.80%,29.70%,2.70%,2.20%,0.297,1.263,-0.639,-0.078,-0.742,,,-1.688
E14001347,Macclesfield,North West,Con,9.40%,12.80%,22.10%,27.10%,28.60%,6.70%,95.20%,52.70%,0.70%,0.50%,1.10%,0.642,1.224,-0.915,-0.134,-1.07,,,-2.7
E14001348,Maidenhead,South East,Con,10.30%,14.70%,27.50%,24.80%,22.70%,20.40%,80.30%,49.00%,6.10%,3.30%,3.40%,0.958,0.346,0.852,,-0.751,,,-1.889
E14001349,Maidstone and Malling,South East,Con,11.70%,17.90%,26.70%,22.70%,21.00%,16.90%,87.40%,48.00%,2.30%,1.90%,2.00%,0.832,0.621,0.117,0.065,-0.58,,,-2.834
E14001350,Makerfield,North West,Lab,11.60%,14.90%,23.00%,25.40%,25.10%,4.20%,96.70%,65.30%,0.80%,0.20%,0.50%,-0.02,1.341,-1.293,0.39,-1.046,,,-2.494
E14001351,Maldon,Eastern,Con,10.40%,12.60%,20.80%,27.00%,29.20%,5.10%,96.10%,50.20%,0.60%,0.30%,1.00%,1.038,0.543,-0.278,0.33,-1.21,,,
E14001352,Manchester Central,North West,Lab,21.80%,28.40%,22.70%,16.30%,10.80%,32.10%,61.40%,39.30%,16.00%,1.00%,2.10%,-0.531,1.529,-1.103,-0.421,-0.572,,,-1.509
E14001353,Manchester Rusholme,North West,Lab,36.90%,22.00%,20.60%,13.40%,7.10%,39.90%,40.80%,25.60%,33.70%,1.70%,2.00%,-0.825,1.576,,-0.929,0.049,,,-1.268
E14001354,Manchester Withington,North West,Lab,21.90%,23.50%,23.90%,17.50%,13.20%,20.70%,71.80%,31.40%,14.10%,1.30%,2.40%,-0.891,1.587,-0.533,-1.146,-0.466,,,-1.976
E14001355,Mansfield,East Midlands,Con,10.60%,16.40%,23.30%,25.80%,23.90%,10.70%,94.90%,46.70%,1.10%,0.30%,0.90%,0.74,1.096,-1.615,0.354,-1.561,,,-2.787
E14001356,Melksham and Devizes,South West,Con,9.80%,12.30%,21.20%,27.00%,29.70%,7.50%,96.30%,49.50%,0.50%,0.20%,1.20%,0.864,0.11,0.817,-0.042,-1.278,,,
E14001357,Melton and Syston,East Midlands,Con,10.20%,14.10%,22.00%,26.80%,26.90%,8.60%,89.40%,47.80%,0.90%,5.10%,1.90%,0.783,0.929,-0.901,0.269,-0.745,,,-3.045
E14001358,Meriden and Solihull East,West Midlands,Con,11.60%,13.80%,22.70%,25.20%,26.80%,8.90%,85.60%,51.80%,3.40%,1.90%,2.60%,0.891,0.907,-0.475,0.108,-1.042,,,
E14001359,Mid Bedfordshire,Eastern,Con,11.40%,16.10%,24.80%,25.60%,22.10%,9.90%,89.30%,48.60%,1.60%,1.00%,2.00%,0.771,0.913,-0.531,0.196,-0.822,,,-2.659
E14001360,Mid Buckinghamshire,South East,Con,10.40%,13.10%,24.10%,26.20%,26.10%,10.40%,90.70%,51.60%,1.60%,1.40%,1.70%,0.886,0.504,0.424,-0.142,-0.787,,,-3.045
E14001361,Mid Cheshire,North West,Con,11.10%,16.20%,23.70%,26.70%,22.30%,6.20%,96.00%,54.30%,0.60%,0.40%,0.70%,0.406,1.32,-1.151,0.034,-1.125,,,-2.7
E14001362,Mid Derbyshire,East Midlands,Con,10.30%,12.40%,21.90%,26.70%,28.70%,4.90%,95.30%,49.80%,0.60%,0.30%,1.30%,0.744,1.084,-0.995,0.111,-0.919,,,-2.834
E14001363,Mid Dorset and North Poole,South West,Con,10.00%,11.80%,20.30%,26.20%,31.80%,6.30%,96.90%,49.70%,0.50%,0.30%,1.00%,1.085,-0.233,1.085,,-1.406,,,-3.239
E14001364,Mid Leicestershire,East Midlands,Con,10.60%,14.80%,23.90%,24.90%,25.80%,11.50%,81.90%,43.10%,1.80%,6.90%,3.90%,0.829,1.017,-0.965,0.15,-0.944,,,
E14001365,Mid Norfolk,Eastern,Con,10.30%,13.30%,19.80%,25.70%,30.90%,7.60%,96.80%,50.30%,0.40%,0.10%,0.90%,0.885,0.868,-0.595,0.305,-1.253,,,
E14001366,Mid Sussex,South East,Con,10.20%,13.90%,26.40%,24.40%,25.00%,12.10%,91.90%,47.70%,1.20%,1.20%,1.20%,0.668,0.371,0.909,-0.298,-1.095,,,-3.239
E14001367,Middlesbrough and Thornaby East,North East,Lab,16.20%,19.40%,23.10%,22.30%,18.90%,15.20%,78.00%,43.20%,13.10%,1.20%,1.10%,-0.351,1.405,-1.293,0.226,-0.787,,,-1.43
E14001368,Middlesbrough South and East Cleveland,North East,Con,10.70%,14.30%,20.60%,26.40%,28.00%,3.20%,96.40%,54.00%,1.20%,0.20%,0.70%,0.918,1.352,-1.33,,-1.173,,,-2.882
E14001369,Milton Keynes Central,South East,Con,13.20%,19.60%,30.80%,22.60%,13.80%,32.30%,65.50%,42.90%,8.10%,5.90%,2.20%,0.544,1.235,-0.41,-0.312,-1.003,,,-2.81
E14001370,Milton Keynes North,South East,Con,10.90%,16.90%,27.30%,23.00%,21.90%,18.50%,79.90%,42.40%,5.70%,3.00%,1.40%,0.61,1.177,-0.674,-0.002,-0.926,,,
E14001371,Mitcham and Morden,London,Lab,12.60%,20.80%,29.50%,22.20%,14.90%,42.70%,52.10%,47.70%,12.70%,7.10%,1.80%,-0.129,1.491,-0.992,-0.359,-0.688,,,-2.227
E14001372,Morecambe and Lunesdale,North West,Con,10.20%,11.60%,19.50%,26.70%,32.00%,5.20%,97.60%,57.20%,0.40%,0.10%,0.90%,0.712,1.063,-0.373,0.07,-1.21,,,
E14001373,New Forest East,South East,Con,9.70%,12.10%,20.20%,27.10%,30.90%,6.10%,96.70%,49.40%,0.30%,0.20%,1.10%,0.952,0.439,0.113,0.25,-0.965,,,-3.17
E14001374,New Forest West,South East,Con,8.50%,9.50%,17.20%,26.00%,38.80%,7.70%,96.80%,54.00%,0.40%,0.10%,1.10%,0.998,0.547,-0.055,0.059,-0.736,,,-2.858
E14001375,Newark,East Midlands,Con,10.60%,12.90%,21.80%,26.40%,28.40%,7.70%,96.20%,53.10%,0.60%,0.20%,1.10%,0.858,0.959,-0.895,0.187,-1.142,,,-2.62
E14001376,Newbury,South East,Con,11.00%,15.40%,24.80%,25.50%,23.40%,12.60%,92.70%,48.40%,1.10%,1.50%,0.90%,0.821,-0.293,1.011,-0.222,-1.007,,,-3.016
E14001377,Newcastle upon Tyne Central and West,North East,Lab,22.40%,18.30%,22.20%,20.00%,17.10%,22.50%,72.60%,41.40%,14.60%,1.30%,1.60%,-0.231,1.453,-1.298,-0.006,-0.682,,,-1.898
E14001378,Newcastle upon Tyne East and Wallsend,North East,Lab,19.70%,19.00%,21.10%,21.60%,18.50%,11.80%,88.40%,42.20%,3.40%,0.90%,1.30%,-0.427,1.466,-0.915,-0.115,-0.536,,,-1.927
E14001379,Newcastle upon Tyne North,North East,Lab,21.50%,16.10%,21.70%,20.60%,20.10%,12.00%,87.00%,42.50%,4.20%,1.60%,1.60%,0.203,1.322,-0.269,-0.312,-0.831,,,-2.494
E14001380,Newcastle-under-Lyme,West Midlands,Con,15.80%,14.10%,21.40%,24.00%,24.70%,8.00%,91.60%,50.90%,2.20%,0.70%,1.20%,0.585,1.186,-1.16,0.21,-1.003,,,
E14001381,Newton Abbot,South West,Con,9.40%,12.60%,19.70%,26.50%,31.90%,5.10%,97.60%,47.00%,0.30%,0.10%,1.10%,0.771,0.375,0.606,0.156,-1.229,,,-2.62
E14001382,Newton Aycliffe and Spennymoor,North East,Con,11.20%,14.80%,21.50%,26.50%,26.00%,3.70%,97.80%,54.00%,0.40%,0.10%,0.70%,0.401,1.258,-1.373,0.309,-1.187,,,-2.7
E14001383,Normanton and Hemsworth,Yorkshire and The Humber,Lab,11.20%,16.40%,22.30%,26.10%,23.90%,6.50%,96.90%,51.60%,0.60%,0.20%,0.70%,-0.088,1.258,-1.116,0.574,-0.831,,,
E14001384,North Bedfordshire,Eastern,Con,10.80%,15.60%,24.50%,25.70%,23.40%,9.80%,89.60%,47.90%,1.50%,0.90%,2.00%,0.938,0.879,-0.289,-0.027,-1.178,,,
E14001385,North Cornwall,South West,Con,9.50%,11.80%,20.30%,26.80%,31.50%,5.20%,97.30%,48.10%,0.20%,0.10%,1.20%,0.772,-0.278,1.013,0.07,-1.719,,,-2.882
E14001386,North Cotswolds,South West,Con,9.40%,12.70%,21.50%,26.60%,29.70%,8.50%,95.80%,53.80%,0.30%,0.30%,1.00%,0.853,0.404,0.323,0.188,-0.671,,,-3.045
E14001387,North Devon,South West,Con,10.00%,12.70%,19.80%,26.60%,30.90%,5.50%,96.90%,46.70%,0.40%,0.20%,1.10%,0.736,-0.325,1.014,0.096,-1.309,,,-3.016
E14001388,North Dorset,South West,Con,10.00%,11.60%,19.50%,26.40%,32.50%,7.10%,97.20%,52.70%,0.30%,0.30%,1.20%,0.931,0.187,0.586,0.05,-1.042,,,-3.275
E14001389,North Durham,North East,Lab,10.60%,14.10%,21.30%,27.10%,26.90%,3.10%,97.60%,53.40%,0.50%,0.10%,0.80%,0.035,1.302,-0.944,0.331,-1.003,,,-2.094
E14001390,North East Cambridgeshire,Eastern,Con,10.60%,15.00%,21.40%,25.40%,27.60%,12.40%,95.90%,52.10%,0.70%,0.20%,0.90%,0.958,0.719,-0.742,0.394,-1.164,,,-2.908
E14001391,North East Derbyshire,East Midlands,Con,10.10%,13.10%,20.70%,26.60%,29.60%,3.20%,97.30%,50.80%,0.40%,0.10%,0.80%,0.815,1.067,-1.155,0.14,-1.146,,,-3.075
E14001392,North East Hampshire,South East,Con,10.20%,13.20%,25.80%,26.40%,24.40%,11.10%,93.10%,50.20%,0.70%,1.00%,1.30%,0.96,0.089,0.607,0.012,-1.038,,,-2.412
E14001393,North East Hertfordshire,Eastern,Con,10.50%,14.20%,24.30%,25.90%,25.20%,9.40%,91.00%,46.70%,0.80%,0.80%,2.40%,0.77,0.993,-0.267,-0.019,-0.919,,,
E14001394,North East Somerset and Hanham,South West,Con,11.90%,14.60%,21.70%,25.00%,26.80%,5.70%,95.90%,45.80%,0.50%,0.20%,0.90%,0.741,1.044,-0.169,-0.116,-1.351,,,-2.882
E14001395,North Herefordshire,West Midlands,Con,8.90%,11.40%,18.50%,27.30%,33.90%,6.70%,97.60%,56.10%,0.30%,0.10%,1.10%,0.799,0.208,-0.685,0.073,0.634,,,-2.908
E14001396,North Norfolk,Eastern,Con,8.10%,9.70%,16.00%,26.70%,39.60%,4.40%,98.10%,52.30%,0.20%,0.10%,1.10%,0.921,-0.458,1.007,-0.045,-1.809,,,
E14001397,North Northumberland,North East,Con,8.50%,10.80%,18.50%,28.50%,33.70%,3.70%,98.20%,56.70%,0.40%,0.10%,0.90%,0.74,1,-0.482,0.166,-1.187,,,-2.858
E14001398,North Shropshire,West Midlands,Con,10.80%,12.30%,20.00%,27.30%,29.60%,6.10%,97.40%,57.10%,0.40%,0.10%,0.70%,0.68,0.314,0.705,0.18,-1.022,,,-2.765
E14001399,North Somerset,South West,Con,9.20%,10.80%,23.40%,25.50%,31.00%,7.20%,96.10%,48.20%,0.50%,0.20%,1.00%,0.699,1.029,-0.289,-0.045,-0.8,,,-3.681
E14001400,North Warwickshire and Bedworth,West Midlands,Con,11.00%,14.90%,22.20%,26.20%,25.80%,7.00%,92.30%,52.60%,0.70%,0.80%,3.00%,0.808,1.052,-1.293,0.289,-1.298,,,
E14001401,North West Cambridgeshire,Eastern,Con,11.40%,18.00%,27.30%,23.40%,19.90%,18.90%,86.80%,49.20%,2.90%,1.60%,1.40%,0.79,0.904,-0.548,0.189,-0.677,,,
E14001402,North West Essex,Eastern,Con,10.60%,14.00%,25.00%,25.70%,24.70%,9.20%,93.20%,49.60%,0.90%,0.70%,1.20%,0.936,0.675,0.037,-0.055,-0.891,,,-2.62
E14001403,North West Hampshire,South East,Con,10.60%,17.40%,25.50%,24.90%,21.60%,12.80%,91.80%,47.70%,1.00%,1.10%,1.40%,0.882,0.636,0.206,0.05,-1.042,,,-3.204
E14001404,North West Leicestershire,East Midlands,Con,11.70%,15.20%,23.20%,25.40%,24.50%,6.30%,95.90%,49.00%,0.40%,0.50%,0.90%,0.717,0.969,-1.155,0.391,-0.848,,,-2.721
E14001405,North West Norfolk,Eastern,Con,9.90%,13.60%,20.10%,25.00%,31.40%,11.60%,95.10%,53.30%,0.60%,0.40%,1.00%,0.887,0.766,-0.603,0.436,-1.107,,,
E14001406,Northampton North,East Midlands,Con,14.90%,20.30%,26.20%,21.00%,17.50%,30.60%,77.10%,48.10%,7.30%,1.70%,1.50%,0.478,1.263,-1.155,0.08,-0.988,,,-2.934
E14001407,Northampton South,East Midlands,Con,13.10%,17.30%,27.10%,23.10%,19.40%,22.20%,81.60%,49.30%,3.70%,2.10%,1.90%,0.75,1.101,-0.951,0.097,-1.125,,,-3.075
E14001408,Norwich North,Eastern,Con,11.10%,17.20%,24.10%,23.20%,24.30%,11.10%,93.00%,41.00%,1.70%,0.40%,1.10%,0.491,1.275,-1.309,0.058,-0.926,,,-3.436
E14001409,Norwich South,Eastern,Lab,23.40%,18.30%,21.00%,18.20%,19.10%,17.70%,86.20%,33.70%,2.90%,1.50%,2.10%,-0.146,1.386,-0.791,-0.427,-0.052,,,-2.659
E14001410,Nottingham East,East Midlands,Lab,29.30%,20.60%,22.00%,16.90%,11.20%,30.80%,60.20%,32.20%,16.90%,1.50%,2.80%,-0.46,1.55,-1.191,-0.496,-0.489,,,-2.14
E14001411,Nottingham North and Kimberley,East Midlands,Lab,13.30%,17.90%,25.10%,24.00%,19.70%,18.00%,72.50%,39.00%,7.60%,1.30%,2.40%,0.248,1.315,-1.335,0.268,-0.858,,,
E14001412,Nottingham South,East Midlands,Lab,35.20%,15.50%,18.10%,16.50%,14.70%,21.60%,69.10%,34.40%,10.20%,2.20%,3.10%,-0.102,1.368,-1.086,-0.016,-0.387,,,-1.862
E14001413,Nuneaton,West Midlands,Con,11.60%,17.80%,23.60%,24.60%,22.40%,11.50%,87.70%,48.10%,3.50%,1.60%,2.80%,0.731,1.127,-1.324,0.15,-0.947,,,-3.738
E14001414,Old Bexley and Sidcup,London,Con,12.30%,15.10%,24.90%,24.40%,23.30%,16.10%,80.10%,49.10%,3.20%,3.30%,2.40%,0.884,0.963,-0.98,0.209,-1.239,,,-3.016
E14001415,Oldham East and Saddleworth,North West,Lab,13.50%,16.30%,24.50%,24.10%,21.50%,14.80%,72.50%,47.20%,20.80%,0.20%,0.60%,0.359,1.241,-0.898,0.116,-1.112,,,-1.496
E14001416,"Oldham West, Chadderton and Royton",North West,Lab,15.60%,17.60%,25.60%,21.90%,19.20%,20.20%,59.40%,39.80%,32.10%,0.80%,0.50%,-0.045,1.397,-1.309,-0.027,-0.922,,,-1.07
E14001417,Orpington,London,Con,11.30%,13.80%,25.70%,24.80%,24.30%,18.10%,78.40%,49.60%,2.50%,4.10%,1.80%,0.928,0.746,-0.22,0.196,-1.324,,,-3.239
E14001418,Ossett and Denby Dale,Yorkshire and The Humber,Con,10.80%,13.10%,22.80%,26.00%,27.40%,5.50%,94.20%,50.40%,2.40%,0.30%,0.80%,0.637,1.151,-1.178,0.191,-1.099,,,-2.564
E14001419,Oxford East,South East,Lab,21.10%,22.20%,24.50%,18.30%,14.00%,34.50%,68.70%,40.20%,10.50%,1.60%,2.40%,-0.201,1.474,-0.375,,-0.148,,,-1.367
E14001420,Oxford West and Abingdon,South East,LD,24.00%,16.50%,20.00%,19.60%,19.90%,26.00%,82.60%,41.70%,2.90%,1.30%,2.50%,0.063,-0.079,1.359,-0.381,-1.133,,,-2.165
E14001421,Peckham,London,Lab,15.80%,28.00%,25.90%,20.60%,9.70%,42.50%,41.40%,46.50%,11.30%,0.60%,2.20%,-0.766,1.569,-0.745,-1.03,-0.285,,,-1.986
E14001422,Pendle and Clitheroe,North West,Con,11.90%,15.20%,23.70%,25.00%,24.20%,13.40%,80.50%,46.60%,16.40%,0.10%,0.60%,0.743,1.12,-0.819,0.035,-1.219,,,-2.858
E14001423,Penistone and Stocksbridge,Yorkshire and The Humber,Con,9.80%,12.10%,21.70%,27.00%,29.40%,3.30%,96.60%,52.30%,0.60%,0.10%,0.90%,0.652,1.072,-0.473,0.227,-1.319,,,
E14001424,Penrith and Solway,North West,Con,9.60%,11.80%,19.60%,28.30%,30.70%,4.30%,98.10%,59.00%,0.30%,0.10%,0.50%,0.684,1.082,-0.655,0.11,-1.026,,,-2.765
E14001425,Peterborough,Eastern,Con,13.50%,19.50%,26.90%,21.50%,18.60%,32.10%,69.60%,44.70%,17.80%,1.60%,1.40%,0.524,1.209,-0.999,0.112,-0.929,,,-3.075
E14001426,Plymouth Moor View,South West,Con,11.90%,16.30%,22.70%,24.40%,24.70%,6.30%,96.00%,44.20%,0.70%,0.30%,0.80%,0.711,1.083,-1.278,0.299,-0.992,,,
E14001427,Plymouth Sutton and Devonport,South West,Lab,21.90%,18.70%,22.00%,20.60%,16.90%,14.40%,90.20%,37.40%,2.40%,0.50%,1.60%,0.126,1.368,-1.138,0.063,-0.719,,,-2.934
E14001428,"Pontefract, Castleford and Knottingley",Yorkshire and The Humber,Lab,11.00%,18.50%,22.90%,25.30%,22.30%,5.80%,96.50%,49.30%,0.50%,0.20%,0.70%,0.031,1.243,-0.973,0.556,-1.187,,,-2.834
E14001429,Poole,South West,Con,10.00%,14.80%,22.70%,24.60%,27.90%,12.10%,93.50%,47.70%,1.00%,0.50%,1.30%,0.865,0.781,-0.09,0.105,-1.078,,,-2.564
E14001430,Poplar and Limehouse,London,Lab,17.40%,35.10%,29.00%,12.40%,6.10%,50.10%,40.10%,25.30%,35.90%,3.10%,2.40%,-0.377,1.476,-0.642,-0.926,-0.514,,,-0.898
E14001431,Portsmouth North,South East,Con,12.30%,17.60%,24.60%,24.60%,20.90%,11.60%,90.30%,42.10%,2.60%,0.50%,1.20%,0.921,0.947,-0.65,0.032,-1.044,,,
E14001432,Portsmouth South,South East,Lab,24.90%,19.00%,21.90%,18.70%,15.50%,21.90%,80.50%,36.90%,7.00%,1.00%,1.70%,0.242,1.279,-0.252,-0.135,-1.011,,,-2.241
E14001433,Preston,North West,Lab,19.30%,19.40%,23.70%,21.40%,16.20%,21.60%,70.10%,44.10%,18.10%,3.00%,1.50%,-0.1,1.412,-0.901,-0.075,-0.822,,,-1.567
E14001434,Putney,London,Lab,12.50%,27.60%,29.10%,18.10%,12.70%,39.80%,68.90%,43.70%,10.60%,1.50%,2.50%,0.325,1.361,-0.408,-0.647,-0.831,,,-2.511
E14001435,Queen's Park and Maida Vale,London,Lab,14.50%,23.00%,27.20%,22.50%,12.70%,48.70%,47.20%,38.50%,24.70%,1.80%,3.20%,-0.251,1.412,-0.491,-0.51,-0.298,,,-1.927
E14001436,Rawmarsh and Conisbrough,Yorkshire and The Humber,Lab,11.40%,16.00%,22.60%,25.80%,24.10%,4.10%,96.70%,51.60%,0.80%,0.10%,0.80%,0.043,1.272,-1.447,0.56,-1.103,,,-3.137
E14001437,Rayleigh and Wickford,Eastern,Con,10.80%,13.50%,22.40%,25.70%,27.60%,4.70%,95.00%,48.60%,0.60%,0.50%,0.90%,0.98,0.681,-0.66,0.348,-0.895,,,
E14001438,Reading Central,South East,Lab,16.70%,22.70%,27.90%,18.80%,14.00%,37.20%,65.80%,38.80%,9.30%,5.90%,3.40%,0.197,1.337,-0.791,-0.404,-0.304,,,-2.639
E14001439,Reading West and Mid Berkshire,South East,Con,11.40%,13.90%,25.30%,26.10%,23.30%,14.70%,85.80%,48.10%,3.10%,1.40%,1.70%,0.758,0.931,-0.051,-0.049,-1.05,,,-2.787
E14001440,Redcar,North East,Con,11.10%,14.00%,20.30%,27.00%,27.50%,3.30%,97.40%,51.90%,1.00%,0.10%,0.60%,0.548,1.19,-1.278,0.303,-1.268,,,-2.858
E14001441,Redditch,West Midlands,Con,11.20%,16.40%,24.30%,24.00%,24.00%,10.60%,90.70%,50.10%,3.70%,0.30%,1.10%,0.852,1.048,-1.07,0.129,-1.309,,,-3.681
E14001442,Reigate,South East,Con,10.50%,15.00%,26.80%,24.80%,23.00%,16.70%,84.00%,49.80%,3.10%,2.70%,1.40%,0.84,0.575,0.301,-0.094,-0.455,,,
E14001443,Ribble Valley,North West,Con,10.50%,13.50%,21.70%,27.40%,26.90%,6.70%,91.10%,63.70%,3.70%,1.30%,0.90%,0.782,1.063,-0.781,0.091,-1.248,,,-2.743
E14001444,Richmond and Northallerton,Yorkshire and The Humber,Con,10.70%,12.40%,18.60%,27.30%,31.00%,6.70%,96.00%,57.80%,0.30%,0.80%,1.20%,0.986,0.718,-0.367,0.116,-1.07,,,-2.129
E14001445,Richmond Park,London,LD,10.10%,14.90%,30.70%,24.50%,19.70%,34.60%,76.40%,44.40%,5.70%,2.30%,3.20%,0.381,-0.623,1.402,-0.494,-1.465,,,-2.444
E14001446,Rochdale,North West,Lab,14.30%,17.50%,25.90%,23.10%,19.20%,19.60%,63.00%,38.50%,30.20%,0.30%,0.70%,0.107,1.22,-0.803,0.047,-0.841,,,-0.615
E14001447,Rochester and Strood,South East,Con,12.60%,18.00%,25.20%,24.10%,20.10%,12.60%,85.90%,44.70%,2.10%,1.00%,2.80%,0.719,1.022,-0.699,0.222,-1.07,,,-2.787
E14001448,Romford,London,Con,12.10%,18.50%,25.80%,22.80%,20.70%,21.80%,72.40%,51.10%,7.50%,2.90%,3.50%,0.938,0.942,-1.116,0.118,-1.138,,,-2.679
E14001449,Romsey and Southampton North,South East,Con,15.40%,13.00%,21.00%,23.70%,27.00%,14.00%,88.90%,49.50%,2.80%,0.80%,2.00%,0.968,0.145,0.782,-0.351,-1.346,,,-2.81
E14001450,Rossendale and Darwen,North West,Con,11.20%,15.30%,23.40%,26.90%,23.20%,4.60%,94.40%,52.30%,3.10%,0.10%,0.80%,0.622,1.223,-1.459,0.159,-1.219,,,-3.48
E14001451,Rother Valley,Yorkshire and The Humber,Con,11.00%,14.40%,21.30%,25.90%,27.40%,3.90%,95.20%,52.00%,1.90%,0.20%,0.70%,0.693,1.055,-1.103,0.345,-0.965,,,
E14001452,Rotherham,Yorkshire and The Humber,Lab,13.00%,17.60%,23.70%,24.40%,21.30%,11.50%,84.00%,44.40%,10.30%,0.40%,0.70%,,2.114,-0.672,1.158,-0.792,,,-2.136
E14001453,Rugby,West Midlands,Con,11.30%,17.10%,25.40%,23.50%,22.70%,18.60%,85.70%,50.40%,1.90%,3.30%,2.30%,1.111,1.678,-0.714,0.175,-1.157,,,-2.926
E14001454,"Ruislip, Northwood and Pinner",London,Con,10.20%,14.10%,26.50%,24.00%,25.20%,33.10%,55.30%,39.60%,9.30%,17.90%,7.40%,1.444,1.381,-0.395,-0.037,-1.011,,,
E14001455,Runcorn and Helsby,North West,Lab,11.30%,14.60%,23.10%,25.60%,25.50%,5.00%,96.50%,54.30%,0.60%,0.20%,0.80%,0.277,2.229,-1.041,0.252,-0.875,,,-2.649
E14001456,Runnymede and Weybridge,South East,Con,11.90%,14.50%,26.30%,24.70%,22.70%,20.70%,85.40%,53.40%,2.40%,1.90%,2.20%,1.278,0.619,0.872,0.029,-0.856,,,-2.756
E14001457,Rushcliffe,East Midlands,Con,12.10%,13.40%,23.50%,24.80%,26.20%,9.00%,88.60%,43.40%,2.50%,1.80%,2.10%,0.983,1.861,-0.564,-0.137,-1.05,,,-2.849
E14001458,Rutland and Stamford,East Midlands,Con,10.50%,12.30%,21.30%,26.40%,29.60%,8.40%,92.90%,54.50%,1.00%,1.50%,1.70%,1.454,0.9,0.192,0.245,-1.109,,,-2.482
E14001459,Salford,North West,Lab,20.60%,28.10%,22.60%,16.20%,12.50%,25.40%,76.80%,44.60%,6.20%,1.00%,4.10%,-0.38,2.469,-0.937,-0.03,-0.37,,,-2.161
E14001460,Salisbury,South West,Con,9.70%,13.10%,22.00%,26.10%,29.20%,10.80%,94.30%,53.20%,0.90%,0.50%,1.20%,1.096,0.977,0.759,0.069,-1.037,,,-2.825
E14001461,Scarborough and Whitby,Yorkshire and The Humber,Con,9.80%,12.90%,19.00%,27.00%,31.30%,6.50%,96.80%,52.40%,0.70%,0.20%,0.90%,1.14,1.714,-1.095,0.239,-1.237,,,-2.69
E14001462,Scunthorpe,Yorkshire and The Humber,Con,11.60%,16.10%,22.30%,24.80%,25.20%,12.90%,92.10%,50.20%,3.80%,0.30%,1.10%,0.918,1.782,-1.419,0.541,-1.248,,,-2.9
E14001463,Sefton Central,North West,Lab,9.70%,11.20%,19.40%,26.60%,33.00%,3.80%,97.00%,68.80%,0.40%,0.30%,0.60%,0.332,2.366,-1.073,-0.085,-0.879,,,-2.69
E14001464,Selby,Yorkshire and The Humber,Con,10.30%,15.70%,23.10%,26.30%,24.60%,5.30%,97.60%,53.40%,0.30%,0.10%,0.80%,0.96,1.819,-1.082,0.345,-1.123,,,
E14001465,Sevenoaks,South East,Con,10.40%,13.00%,24.60%,25.80%,26.30%,11.70%,91.30%,51.70%,1.10%,0.80%,1.30%,1.371,0.753,0.522,0.221,-0.99,,,-2.778
E14001466,Sheffield Brightside and Hillsborough,Yorkshire and The Humber,Lab,14.50%,19.30%,24.50%,23.00%,18.70%,20.20%,69.00%,36.70%,18.50%,0.40%,0.90%,0.301,2.545,-0.856,,-0.107,,,-1.916
E14001467,Sheffield Central,Yorkshire and The Humber,Lab,39.30%,22.90%,16.30%,11.60%,9.90%,27.20%,66.90%,25.10%,14.60%,1.70%,2.00%,-0.65,2.425,-0.982,,0.739,,,-1.503
E14001468,Sheffield Hallam,Yorkshire and The Humber,Lab,16.20%,11.60%,22.50%,23.70%,26.00%,9.00%,88.20%,42.20%,3.70%,1.10%,1.30%,0.23,1.728,1.145,,-0.581,,,-2.136
E14001469,Sheffield Heeley,Yorkshire and The Humber,Lab,12.80%,18.60%,23.60%,23.70%,21.20%,13.60%,81.40%,39.60%,6.40%,0.40%,1.10%,0.337,2.389,-0.555,,-0.089,,,-1.426
E14001470,Sheffield South East,Yorkshire and The Humber,Lab,12.50%,16.80%,22.10%,25.20%,23.50%,11.50%,81.10%,41.50%,12.50%,0.30%,0.70%,0.761,2.346,-0.678,,-0.767,,,-1.286
E14001471,Sherwood Forest,East Midlands,Con,10.50%,15.90%,22.40%,25.80%,25.40%,4.90%,95.20%,46.30%,0.60%,0.30%,1.10%,1.031,1.564,-1.02,0.584,-1.055,,,-3.099
E14001472,Shipley,Yorkshire and The Humber,Con,10.00%,14.00%,23.80%,25.60%,26.60%,6.50%,89.50%,46.30%,5.50%,0.50%,1.40%,0.951,1.962,-1.162,-0.109,-0.831,,,-2.756
E14001473,Shrewsbury,West Midlands,Con,11.00%,15.00%,21.30%,25.40%,27.30%,7.40%,95.60%,50.70%,0.70%,0.30%,1.10%,0.867,1.828,-0.443,0.071,-1.028,,,-3.233
E14001474,Sittingbourne and Sheppey,South East,Con,12.10%,17.10%,23.90%,24.30%,22.60%,8.30%,93.10%,46.80%,1.20%,0.50%,1.00%,1.214,1.283,-0.827,0.674,-1.147,,,-2.384
E14001475,Skipton and Ripon,Yorkshire and The Humber,Con,9.40%,10.80%,19.70%,28.30%,31.90%,5.60%,96.90%,55.90%,0.80%,0.20%,1.00%,1.125,1.108,-0.205,0.711,-0.937,,,-2.67
E14001476,Sleaford and North Hykeham,East Midlands,Con,10.40%,13.90%,21.60%,26.10%,28.00%,6.20%,97.10%,53.40%,0.40%,0.20%,0.90%,1.354,1.22,-0.71,0.542,-1.186,,,-2.384
E14001477,Slough,South East,Lab,14.00%,20.00%,33.00%,20.00%,13.00%,44.40%,35.00%,31.10%,31.10%,7.50%,12.40%,0.186,2.256,-0.555,-0.375,-0.454,,,-1.685
E14001478,Smethwick,West Midlands,Lab,14.80%,18.20%,27.30%,22.30%,17.40%,29.60%,47.40%,35.80%,19.80%,2.30%,14.20%,0.063,2.221,-0.921,0.121,-0.59,,,-1.477
E14001479,Solihull West and Shirley,West Midlands,Con,10.90%,14.30%,23.70%,25.20%,25.90%,12.80%,77.40%,49.90%,7.50%,4.40%,4.20%,1.351,1.123,-0.117,0.097,-0.802,,,-1.709
E14001480,South Basildon and East Thurrock,Eastern,Con,12.30%,17.60%,24.20%,23.80%,22.20%,11.90%,86.70%,48.00%,2.00%,1.20%,1.30%,1.203,1.384,-1.05,0.643,-1.347,,,-2.499
E14001481,South Cambridgeshire,Eastern,Con,11.40%,14.10%,24.10%,25.00%,25.30%,18.60%,86.40%,45.80%,2.00%,1.80%,1.80%,0.743,0.129,1.928,-0.37,-1.401,,,-2.874
E14001482,South Cotswolds,South West,Con,10.30%,11.80%,22.00%,27.00%,29.00%,8.60%,95.30%,53.90%,0.40%,0.50%,1.10%,1.151,-0.123,1.574,-0.024,-1.342,,,-3.27
E14001483,South Derbyshire,East Midlands,Con,10.80%,16.10%,23.60%,25.70%,23.60%,6.10%,92.90%,47.30%,0.70%,0.60%,2.90%,1.075,1.555,-1.086,0.539,-0.953,,,-3.388
E14001484,South Devon,South West,Con,8.80%,10.40%,17.80%,27.60%,35.40%,5.90%,97.30%,47.50%,0.40%,0.10%,1.80%,1.21,0.099,1.325,0.137,-1.232,,,-3.038
E14001485,South Dorset,South West,Con,9.90%,12.00%,18.90%,27.10%,32.10%,6.30%,96.90%,48.40%,0.50%,0.10%,1.20%,1.141,1.283,-0.093,0.372,-0.894,,,-3.009
E14001486,South East Cornwall,South West,Con,9.10%,10.80%,18.60%,28.20%,33.30%,4.40%,97.80%,48.60%,0.10%,0.10%,1.30%,1.205,1.146,0.088,0.419,-1.1,,,-3.099
E14001487,South Holland and The Deepings,East Midlands,Con,10.20%,13.70%,21.40%,25.80%,28.80%,13.40%,96.30%,58.10%,0.50%,0.20%,0.80%,1.486,0.951,-0.906,0.706,-1.248,,,-1.821
E14001488,South Leicestershire,East Midlands,Con,10.90%,14.50%,22.60%,26.40%,25.60%,5.10%,94.10%,47.80%,0.50%,1.10%,1.20%,1.461,1.18,-0.145,0.207,-1.186,,,
E14001489,South Norfolk,Eastern,Con,9.70%,14.40%,23.80%,24.60%,27.50%,7.50%,94.70%,46.20%,0.70%,0.50%,0.90%,1.139,1.45,-0.165,0.116,-0.929,,,-2.756
E14001490,South Northamptonshire,East Midlands,Con,10.50%,13.70%,24.10%,26.80%,24.80%,7.70%,94.90%,50.30%,0.50%,0.50%,1.10%,1.225,1.318,-0.483,0.421,-0.949,,,-2.432
E14001491,South Ribble,North West,Con,10.30%,13.80%,22.70%,26.10%,27.10%,4.50%,95.80%,62.80%,0.90%,0.70%,0.80%,0.9,1.904,-1.128,0.291,-1.128,,,
E14001492,South Shields,North East,Lab,10.90%,14.50%,21.50%,26.60%,26.40%,5.20%,92.90%,51.20%,3.60%,0.20%,1.00%,-0.145,2.034,-1.313,0.567,-0.269,,,-1.537
E14001493,South Shropshire,West Midlands,Con,9.00%,10.20%,17.40%,28.20%,35.20%,4.10%,97.70%,58.80%,0.30%,0.10%,1.00%,1.363,0.829,0.492,0.298,-1.176,,,
E14001494,South Suffolk,Eastern,Con,10.00%,11.70%,20.20%,26.40%,31.70%,5.70%,96.70%,49.60%,0.50%,0.20%,0.80%,1.23,1.023,-0.341,0.557,-0.327,,,
E14001495,South West Devon,South West,Con,9.90%,12.40%,21.30%,26.30%,30.10%,4.70%,97.80%,49.80%,0.30%,0.10%,0.80%,1.245,1.265,-0.141,0.27,-0.961,,,-2.67
E14001496,South West Hertfordshire,Eastern,Con,11.40%,13.60%,26.60%,25.60%,22.80%,18.60%,77.90%,47.70%,3.60%,7.90%,3.80%,1.233,1.064,0.252,0.279,-1.011,,,-2.294
E14001497,South West Norfolk,Eastern,Con,10.30%,14.50%,20.50%,25.50%,29.20%,12.00%,96.10%,49.90%,0.40%,0.10%,1.00%,1.19,1.181,-0.864,0.795,-1.152,,,-2.02
E14001498,South West Wiltshire,South West,Con,10.80%,14.50%,22.30%,25.60%,26.80%,10.20%,95.10%,48.40%,0.90%,0.30%,1.30%,1.199,1.178,0.126,0.3,-0.953,,,-3.27
E14001499,Southampton Itchen,South East,Con,17.10%,20.70%,24.00%,20.40%,17.80%,19.40%,85.90%,40.40%,3.50%,0.90%,2.20%,0.749,1.969,-1.082,0.16,-0.802,,,-2.756
E14001500,Southampton Test,South East,Lab,19.40%,20.40%,25.60%,18.80%,15.80%,27.80%,77.20%,40.10%,7.10%,1.50%,3.50%,0.307,2.083,-0.644,0.127,-0.491,,,-2.338
E14001501,Southend East and Rochford,Eastern,Con,12.20%,16.70%,24.10%,24.30%,22.70%,12.70%,87.60%,42.10%,3.00%,0.90%,2.30%,1.06,1.674,-1.003,0.384,-1.152,,,-2.953
E14001502,Southend West and Leigh,Eastern,Con,10.50%,14.90%,25.40%,24.40%,24.70%,10.60%,89.00%,43.10%,2.60%,1.20%,2.30%,1.129,1.506,-0.662,0.409,-1.171,,,-2.448
E14001503,Southgate and Wood Green,London,Lab,12.30%,19.60%,29.00%,22.50%,16.60%,46.70%,58.30%,44.90%,14.40%,3.30%,6.00%,0.173,2.353,-0.71,-0.402,-0.438,,,-2.28
E14001504,Southport,North West,Con,9.80%,12.90%,20.30%,26.90%,30.00%,8.80%,95.40%,59.40%,1.10%,0.30%,0.90%,0.955,1.814,-0.502,0.078,-1.237,,,-2.926
E14001505,Spelthorne,South East,Con,10.60%,16.20%,26.30%,24.60%,22.30%,20.90%,78.70%,50.90%,4.00%,4.20%,3.90%,1.142,1.196,0.137,0.317,-0.902,,,-2.926
E14001506,Spen Valley,Yorkshire and The Humber,Con,11.20%,15.10%,23.30%,25.30%,25.10%,6.40%,88.30%,47.20%,7.40%,0.40%,1.00%,0.825,1.806,-0.902,0.369,-1.064,,,-2.323
E14001507,St Albans,Eastern,LD,10.70%,15.70%,28.80%,24.20%,20.60%,19.10%,80.50%,44.80%,6.20%,2.10%,3.20%,0.38,-0.475,2.333,-0.29,-1.297,,,-2.482
E14001508,St Austell and Newquay,South West,Con,10.50%,14.10%,21.80%,25.80%,27.80%,5.20%,97.20%,44.10%,0.10%,0.10%,1.10%,1.029,1.422,-0.43,0.57,-1.118,,,-2.733
E14001509,St Helens North,North West,Lab,10.70%,15.90%,22.70%,25.30%,25.40%,4.60%,96.90%,62.30%,0.70%,0.20%,0.60%,-0.047,2.192,-0.969,0.383,-0.513,,,-2.294
E14001510,St Helens South and Whiston,North West,Lab,11.50%,16.00%,22.70%,25.70%,24.00%,5.70%,95.70%,62.80%,0.70%,0.50%,0.60%,-0.456,2.361,-0.949,0.172,-0.4,,,-1.685
E14001511,St Ives,South West,Con,9.20%,11.10%,19.10%,27.30%,33.20%,5.00%,96.50%,46.00%,0.20%,0.00%,1.50%,0.878,-0.066,1.659,0.173,-1.291,,,-2.415
E14001512,St Neots and Mid Cambridgeshire,Eastern,Con,10.90%,15.60%,28.00%,23.70%,21.80%,15.10%,89.60%,43.20%,1.80%,1.30%,1.40%,1.025,0.714,1.101,-0.013,-0.949,,,-2.368
E14001513,Stafford,West Midlands,Con,10.00%,15.30%,22.20%,25.90%,26.60%,8.80%,92.30%,52.40%,1.30%,1.10%,1.70%,1.045,1.71,-1.157,0.298,-0.853,,,-3.572
E14001514,Staffordshire Moorlands,West Midlands,Con,9.80%,11.80%,19.80%,27.50%,31.00%,2.60%,98.00%,58.80%,0.30%,0.10%,0.70%,1.175,1.551,-1.104,0.523,-1.243,,,
E14001515,Stalybridge and Hyde,North West,Lab,11.40%,16.90%,24.60%,25.10%,22.00%,7.30%,89.60%,46.90%,5.80%,0.50%,0.60%,0.308,2.23,-1.347,0.343,-1.003,,,-2.553
E14001516,Stevenage,Eastern,Con,11.60%,18.40%,25.10%,24.80%,20.10%,15.60%,84.00%,44.10%,2.90%,1.50%,1.50%,0.9,1.823,-0.799,0.192,-0.913,,,-2.825
E14001517,Stockport,North West,Lab,11.30%,19.60%,26.70%,23.60%,18.80%,11.60%,85.30%,43.20%,6.40%,0.70%,1.00%,-0.043,2.372,-0.917,-0.022,-0.462,,,-2.482
E14001518,Stockton North,North East,Lab,11.70%,17.50%,23.20%,25.30%,22.30%,6.70%,91.80%,48.20%,3.70%,0.20%,0.80%,0.349,2.177,-1.308,0.533,-1.248,,,
E14001519,Stockton West,North East,Con,10.30%,13.20%,23.60%,26.80%,26.00%,5.30%,93.30%,55.80%,2.40%,0.60%,1.00%,1.189,1.769,-1.313,0.199,-1.503,,,-3.164
E14001520,Stoke-on-Trent Central,West Midlands,Con,16.50%,18.80%,23.80%,22.20%,18.70%,16.60%,80.90%,43.90%,9.90%,0.70%,1.10%,0.566,1.931,-1.389,0.557,-0.986,,,-2.465
E14001521,Stoke-on-Trent North,West Midlands,Con,12.40%,16.70%,23.00%,24.20%,23.70%,9.70%,87.10%,47.30%,7.70%,0.30%,0.70%,0.855,1.802,-1.444,0.594,-1.308,,,-2.953
E14001522,Stoke-on-Trent South,West Midlands,Con,10.90%,14.30%,22.40%,25.10%,27.30%,7.30%,89.90%,52.60%,5.50%,0.50%,0.90%,1.249,1.548,-1.128,0.404,-1.319,,,-3.131
E14001523,"Stone, Great Wyrley and Penkridge",West Midlands,Con,10.60%,13.60%,21.00%,26.50%,28.30%,3.70%,94.80%,57.90%,0.90%,0.30%,1.40%,1.663,1.627,-0.694,,-0.925,,,-1.726
E14001524,Stourbridge,West Midlands,Con,11.80%,15.40%,22.60%,24.70%,25.50%,7.50%,86.60%,48.10%,6.50%,0.50%,1.90%,1.265,1.62,-1.206,0.221,-1.133,,,-3.131
E14001525,Stratford and Bow,London,Lab,16.30%,32.20%,28.40%,15.20%,8.10%,47.80%,39.20%,29.70%,32.20%,3.60%,2.70%,-0.566,2.641,-0.831,-0.806,-0.125,,,-1.709
E14001526,Stratford-on-Avon,West Midlands,Con,9.00%,11.80%,20.80%,26.90%,31.40%,9.00%,95.30%,57.10%,0.50%,0.50%,1.20%,1.229,0.015,1.323,0.167,-1.157,,,-3.347
E14001527,Streatham and Croydon North,London,Lab,11.90%,23.60%,29.20%,21.60%,13.70%,40.10%,49.40%,46.50%,11.80%,2.60%,2.00%,-0.221,2.476,-0.258,-0.834,-0.334,,,-2.225
E14001528,Stretford and Urmston,North West,Lab,12.40%,16.60%,26.30%,24.40%,20.30%,15.20%,73.50%,46.30%,12.50%,0.70%,2.50%,-0.123,2.54,-1.055,-0.221,-0.632,,,-1.886
E14001529,Stroud,South West,Con,10.00%,12.50%,21.90%,27.60%,28.00%,6.20%,96.70%,46.50%,0.30%,0.20%,1.40%,0.634,1.961,-0.982,0.061,-0.32,,,-3.233
E14001530,Suffolk Coastal,Eastern,Con,9.20%,11.20%,18.10%,26.60%,35.00%,7.20%,95.80%,49.20%,0.50%,0.20%,1.10%,1.258,1.142,0.082,0.155,-0.572,,,
E14001531,Sunderland Central,North East,Lab,13.00%,16.00%,21.60%,25.50%,23.90%,9.20%,89.60%,52.80%,4.20%,0.40%,1.10%,0.438,1.925,-0.714,0.492,-0.71,,,
E14001532,Surrey Heath,South East,Con,12.00%,14.30%,24.60%,25.40%,23.70%,16.80%,85.40%,50.00%,3.00%,2.10%,2.90%,1.189,0.048,1.426,0.018,-1.253,,,-2.712
E14001533,Sussex Weald,South East,Con,9.90%,12.20%,20.10%,27.20%,30.70%,7.50%,96.30%,49.20%,0.40%,0.20%,1.40%,1.306,0.57,0.478,0.372,-0.412,,,-3.476
E14001534,Sutton and Cheam,London,Con,10.60%,16.50%,30.00%,22.80%,20.20%,30.80%,68.00%,45.70%,7.80%,7.60%,1.90%,1.224,0.57,1.117,-0.287,-0.886,,,-2.368
E14001535,Sutton Coldfield,West Midlands,Con,10.30%,12.60%,23.50%,25.50%,28.20%,10.30%,81.40%,52.50%,4.00%,2.30%,4.50%,1.423,1.494,-0.86,0.056,-1.128,,,-3.27
E14001536,Swindon North,South West,Con,11.60%,16.80%,27.50%,24.10%,19.90%,15.20%,86.80%,45.60%,1.90%,1.60%,1.90%,1.055,1.749,-0.925,0.241,-1.114,,,-3.388
E14001537,Swindon South,South West,Con,11.60%,19.00%,26.60%,24.40%,18.30%,26.90%,74.90%,46.80%,3.60%,3.60%,2.30%,0.864,1.986,-1.109,0.137,-1.191,,,-3.198
E14001538,Tamworth,West Midlands,Con,12.00%,15.80%,22.70%,24.80%,24.70%,6.60%,94.70%,50.30%,0.60%,0.40%,1.40%,1.21,1.461,-1.123,0.555,-1.275,,,-2.59
E14001539,Tatton,North West,Con,9.30%,11.60%,23.90%,26.40%,28.90%,8.00%,92.80%,55.10%,1.80%,0.80%,1.30%,1.25,1.494,-0.135,-0.054,-1.142,,,
E14001540,Taunton and Wellington,South West,Con,10.70%,15.20%,22.20%,24.40%,27.50%,10.80%,94.50%,48.50%,0.80%,0.40%,1.00%,0.989,-0.113,1.725,0.027,-1.662,,,-2.874
E14001541,Telford,West Midlands,Con,12.50%,18.40%,25.00%,24.00%,20.20%,11.10%,89.10%,45.10%,1.30%,0.90%,2.50%,0.908,1.816,-1.291,0.546,-1.377,,,
E14001542,Tewkesbury,South West,Con,10.30%,14.70%,23.00%,25.00%,27.10%,9.50%,93.80%,50.70%,0.90%,1.00%,1.10%,1.177,0.424,0.993,0.288,-0.842,,,-3.038
E14001543,The Wrekin,West Midlands,Con,13.80%,14.50%,22.20%,25.00%,24.40%,10.30%,89.00%,52.00%,3.70%,0.50%,2.20%,1.264,1.439,-0.613,0.32,-1.152,,,-2.953
E14001544,Thirsk and Malton,Yorkshire and The Humber,Con,9.30%,12.00%,18.50%,27.60%,32.60%,5.10%,98.00%,58.30%,0.20%,0.10%,0.60%,1.409,1.107,-0.199,0.288,-0.929,,,-2.553
E14001545,Thornbury and Yate,South West,Con,10.70%,14.20%,21.70%,26.10%,27.40%,6.20%,96.10%,47.70%,0.60%,0.20%,0.90%,1.204,-0.147,1.61,-0.013,-1.709,,,
E14001546,Thurrock,Eastern,Con,13.10%,20.30%,29.90%,22.10%,14.50%,26.40%,71.20%,52.30%,6.30%,1.70%,2.60%,0.984,1.791,-1.152,0.366,-1.196,,,-3.233
E14001547,Tipton and Wednesbury,West Midlands,Con,13.80%,17.70%,25.30%,23.90%,19.30%,16.80%,70.60%,45.10%,7.70%,2.20%,8.50%,0.882,1.791,-1.51,0.475,-1.118,,,-1.956
E14001548,Tiverton and Minehead,South West,Con,9.50%,10.90%,18.60%,26.90%,34.00%,5.80%,98.10%,49.90%,0.20%,0.10%,1.00%,1.089,0.057,1.416,0.242,-1.147,,,
E14001549,Tonbridge,South East,Con,10.90%,12.60%,23.80%,26.00%,26.60%,9.50%,93.30%,50.10%,1.00%,0.90%,1.10%,1.352,0.863,-0.193,0.213,0.034,,,-2.981
E14001550,Tooting,London,Lab,12.70%,31.90%,26.50%,17.40%,11.50%,34.10%,66.50%,40.50%,10.60%,3.20%,2.00%,0.173,2.463,-0.622,-0.73,-0.524,,,-2.368
E14001551,Torbay,South West,Con,10.00%,13.10%,20.00%,26.20%,30.70%,8.00%,95.70%,48.20%,0.60%,0.20%,1.10%,1.176,0.109,1.275,0.314,-1.297,,,-3.27
E14001552,Torridge and Tavistock,South West,Con,9.10%,11.10%,17.90%,28.10%,33.80%,4.20%,98.10%,49.40%,0.20%,0.10%,1.10%,1.266,0.903,0.393,0.324,-0.949,,,-2.649
E14001553,Tottenham,London,Lab,14.80%,25.50%,28.90%,19.90%,10.80%,50.70%,47.00%,41.00%,15.90%,1.10%,8.40%,-0.704,2.842,-1.055,-0.982,-0.322,,,-1.616
E14001554,Truro and Falmouth,South West,Con,15.60%,13.30%,20.00%,23.10%,28.00%,6.90%,95.20%,43.70%,0.50%,0.20%,1.30%,0.842,1.867,-0.407,-0.043,-0.879,,,-3.131
E14001555,Tunbridge Wells,South East,Con,10.30%,14.30%,26.10%,25.60%,23.70%,13.90%,91.30%,49.30%,1.70%,1.00%,1.20%,1.202,0.536,1.164,0.004,-1.47,,,-2.67
E14001556,Twickenham,London,LD,11.10%,13.90%,29.80%,25.40%,19.90%,25.60%,81.10%,44.70%,4.20%,2.20%,3.00%,0.326,-0.201,2.331,-0.392,-1.451,,,-2.59
E14001557,Tynemouth,North East,Lab,9.80%,13.00%,24.00%,26.10%,27.20%,5.40%,95.20%,46.80%,1.30%,0.20%,1.00%,0.504,2.247,-1.286,0.041,-0.902,,,-2.9
E14001558,Uxbridge and South Ruislip,London,Con,16.20%,18.40%,27.70%,21.20%,16.50%,32.80%,57.40%,43.00%,12.20%,8.40%,6.30%,0.992,1.881,-1.055,0.018,-0.941,,,-2.535
E14001559,Vauxhall and Camberwell Green,London,Lab,16.30%,29.10%,24.40%,19.80%,10.40%,44.00%,49.00%,45.30%,9.50%,0.90%,2.30%,-0.516,2.535,-0.38,-0.898,-0.103,,,-2.088
E14001560,Wakefield and Rothwell,Yorkshire and The Humber,Con,11.40%,17.50%,25.10%,24.40%,21.60%,13.40%,86.40%,45.80%,7.60%,0.70%,1.00%,0.608,1.967,-0.886,0.342,-1.02,,,-2.432
E14001561,Wallasey,North West,Lab,10.80%,15.30%,21.90%,26.50%,25.50%,4.60%,95.70%,52.00%,0.80%,0.40%,0.90%,-0.221,2.61,-1.359,-0.149,-0.593,,,-2.065
E14001562,Walsall and Bloxwich,West Midlands,Con,15.50%,18.60%,25.60%,22.00%,18.30%,22.00%,58.70%,38.00%,21.90%,2.30%,5.90%,0.977,1.798,-1.206,0.233,-0.91,,,-2.517
E14001563,Walthamstow,London,Lab,12.30%,24.80%,33.60%,19.20%,10.10%,40.70%,50.40%,35.10%,23.30%,2.20%,2.20%,-0.82,3.012,-1.302,-0.945,-0.37,,,-2.199
E14001564,Warrington North,North West,Lab,11.30%,15.70%,23.50%,26.20%,23.30%,9.20%,94.60%,56.80%,1.40%,0.40%,0.90%,0.393,2.039,-0.86,0.406,-0.906,,,-2.482
E14001565,Warrington South,North West,Lab,11.00%,15.80%,25.10%,25.50%,22.60%,10.00%,92.40%,56.70%,2.20%,1.00%,1.00%,0.686,2.069,-0.724,0.112,-1.336,,,-2.67
E14001566,Warwick and Leamington,West Midlands,Lab,15.00%,18.50%,24.70%,21.40%,20.30%,18.60%,82.10%,41.70%,1.70%,3.10%,6.70%,0.57,2.069,-0.685,-0.18,-0.446,,,-2.825
E14001567,Washington and Gateshead South,North East,Lab,11.20%,14.70%,22.70%,25.60%,25.80%,3.60%,96.90%,51.80%,0.70%,0.20%,0.80%,0.119,2.009,-1.336,0.84,-0.99,,,-2.61
E14001568,Watford,Eastern,Con,12.00%,20.20%,30.20%,21.60%,16.00%,33.20%,61.60%,44.30%,12.40%,8.30%,3.80%,0.786,1.75,0.21,-0.176,-1.137,,,-2.953
E14001569,Waveney Valley,Eastern,Con,8.90%,10.60%,18.80%,27.40%,34.30%,5.40%,97.70%,50.90%,0.30%,0.10%,0.90%,0.886,0.335,-0.788,0.598,1.134,,,-3.347
E14001570,Weald of Kent,South East,Con,10.10%,11.40%,20.40%,27.50%,30.60%,7.20%,95.80%,53.80%,0.50%,0.30%,0.90%,1.498,0.894,-0.258,0.504,-0.799,,,
E14001571,Wellingborough and Rushden,East Midlands,Con,11.80%,16.50%,25.00%,24.30%,22.40%,17.30%,86.60%,45.90%,1.80%,2.60%,1.40%,1.008,1.607,-1.109,0.547,-0.974,,,-3.131
E14001572,Wells and Mendip Hills,South West,Con,10.00%,11.10%,19.40%,27.70%,31.80%,6.60%,97.20%,50.70%,0.20%,0.10%,1.10%,1.099,-0.137,1.597,-0.013,-1.33,,,-2.712
E14001573,Welwyn Hatfield,Eastern,Con,18.10%,16.70%,24.60%,21.90%,18.70%,22.50%,78.40%,46.60%,3.30%,3.30%,2.80%,1.008,1.747,-0.423,0.015,-0.921,,,
E14001574,West Bromwich,West Midlands,Con,13.80%,17.50%,26.10%,23.00%,19.50%,24.20%,54.40%,39.90%,11.70%,4.00%,15.10%,0.699,1.843,-1.243,0.531,-0.902,,,-2.733
E14001575,West Dorset,South West,Con,9.00%,9.70%,16.80%,27.00%,37.50%,6.90%,96.80%,52.70%,0.50%,0.20%,1.30%,1.301,-0.227,1.975,,-1.259,,,-3.131
E14001576,West Ham and Beckton,London,Lab,15.90%,27.70%,29.40%,18.30%,8.60%,52.20%,38.40%,44.90%,25.10%,3.20%,2.20%,-0.496,2.739,-0.91,-0.518,-0.552,,,-1.998
E14001577,West Lancashire,North West,Lab,17.00%,12.70%,20.00%,25.00%,25.30%,6.20%,96.80%,60.70%,0.50%,0.20%,0.70%,0.259,2.353,-1.232,0.176,-0.894,,,
E14001578,West Suffolk,Eastern,Con,12.30%,18.10%,23.20%,23.00%,23.40%,19.30%,90.80%,48.20%,1.30%,0.40%,1.10%,1.158,1.312,-0.659,0.553,-0.86,,,-2.482
E14001579,West Worcestershire,West Midlands,Con,9.70%,10.60%,18.40%,27.70%,33.60%,5.60%,96.80%,54.90%,0.40%,0.20%,1.00%,1.274,0.842,0.455,0.295,-0.771,,,-2.874
E14001580,Westmorland and Lonsdale,North West,Con,9.20%,11.40%,19.10%,27.80%,32.50%,6.20%,97.80%,55.50%,0.30%,0.10%,1.00%,0.781,-0.644,2.163,-0.174,-1.849,,,-2.9
E14001581,Weston-super-Mare,South West,Con,11.10%,15.40%,22.80%,24.40%,26.20%,10.40%,95.00%,44.60%,0.80%,0.20%,1.00%,1.044,1.564,-0.494,0.347,-0.894,,,
E14001582,Wetherby and Easingwold,Yorkshire and The Humber,Con,9.30%,11.00%,21.30%,27.70%,30.70%,5.10%,95.90%,58.80%,0.60%,0.30%,1.70%,1.507,1.059,-0.641,0.413,-0.827,,,-2.69
E14001583,Whitehaven and Workington,North West,Con,10.50%,14.40%,20.60%,27.50%,27.00%,2.80%,98.20%,63.90%,0.40%,0.10%,0.50%,0.62,2.1,-1.503,0.406,-1.142,,,
E14001584,Widnes and Halewood,North West,Lab,11.70%,15.60%,23.00%,26.60%,23.00%,4.40%,96.10%,64.80%,0.60%,0.30%,0.60%,-0.425,2.777,-1.426,-0.075,-0.845,,,-3.131
E14001585,Wigan,North West,Lab,11.50%,16.60%,23.20%,25.40%,23.30%,7.40%,94.70%,63.80%,1.50%,0.40%,0.50%,0.117,2.096,-0.99,0.528,-0.802,,,-2.111
E14001586,Wimbledon,London,Con,9.80%,19.90%,30.90%,21.30%,18.10%,38.10%,68.80%,46.30%,7.50%,5.00%,2.50%,0.786,0.616,1.681,-0.656,-1.389,,,-2.384
E14001587,Winchester,South East,Con,15.90%,11.90%,22.20%,24.20%,25.80%,11.60%,93.30%,49.00%,0.80%,0.80%,1.50%,1.006,-0.607,2.006,-0.36,-1.464,,,-2.926
E14001588,Windsor,South East,Con,16.30%,13.60%,25.60%,24.30%,20.20%,26.10%,73.40%,48.00%,6.70%,3.80%,6.30%,1.262,0.932,0.67,-0.174,-0.898,,,-2.323
E14001589,Wirral West,North West,Lab,9.20%,10.60%,20.00%,26.60%,33.60%,4.70%,96.30%,60.90%,0.50%,0.40%,0.70%,0.747,2.18,-1.104,-0.095,-1.037,,,
E14001590,Witham,Eastern,Con,10.50%,14.80%,22.80%,25.00%,26.90%,6.50%,94.50%,48.70%,0.60%,0.50%,1.00%,1.34,1.162,-0.584,0.466,-0.707,,,-2.849
E14001591,Witney,South East,Con,10.70%,16.00%,23.80%,25.40%,24.20%,10.60%,94.80%,50.90%,0.80%,0.30%,1.00%,1.221,0.42,1.235,-0.009,-1.407,,,-2.926
E14001592,Woking,South East,Con,10.90%,16.50%,28.50%,23.30%,20.80%,24.20%,78.50%,47.60%,9.40%,2.40%,1.60%,0.949,0.28,1.689,-0.443,-1.253,,,-2.756
E14001593,Wokingham,South East,Con,10.30%,13.50%,27.80%,25.10%,23.30%,15.70%,86.40%,48.00%,2.40%,3.00%,2.20%,1.167,0.117,1.562,-0.238,-1.297,,,
E14001594,Wolverhampton North East,West Midlands,Con,13.10%,17.40%,23.90%,24.00%,21.50%,16.30%,72.50%,48.60%,3.10%,1.50%,8.30%,0.91,1.857,-1.49,0.496,-1.253,,,
E14001595,Wolverhampton South East,West Midlands,Lab,13.80%,18.80%,26.40%,22.40%,18.60%,20.90%,63.20%,41.70%,5.40%,3.50%,13.20%,0.393,2.064,-1.275,0.553,-1.028,,,-3.099
E14001596,Wolverhampton West,West Midlands,Con,13.10%,16.10%,25.20%,23.40%,22.20%,25.40%,55.30%,41.70%,8.20%,4.70%,16.10%,0.86,2.04,-1.313,0.054,-1.128,,,-2.825
E14001597,Worcester,West Midlands,Con,14.70%,17.00%,23.40%,23.50%,21.40%,12.80%,90.00%,48.90%,4.10%,0.40%,1.00%,0.751,1.874,-0.898,0.196,-0.561,,,-2.926
E14001598,Worsley and Eccles,North West,Lab,11.40%,18.70%,24.70%,24.10%,21.10%,11.10%,88.90%,54.50%,3.70%,0.70%,1.00%,0.367,2.115,-1.142,0.412,-0.875,,,-2.67
E14001599,Worthing West,South East,Con,9.40%,13.40%,21.30%,24.30%,31.60%,10.90%,92.60%,46.80%,1.40%,0.50%,1.60%,1.144,1.607,-0.747,0.205,-0.917,,,-3.198
E14001600,Wycombe,South East,Con,13.20%,18.40%,27.80%,22.70%,18.00%,24.90%,64.80%,40.40%,18.20%,2.50%,2.20%,0.81,1.825,-0.392,-0.178,-0.73,,,-1.858
E14001601,Wyre Forest,West Midlands,Con,10.10%,13.30%,20.60%,25.60%,30.40%,5.00%,95.90%,53.30%,1.00%,0.10%,1.00%,1.264,1.386,-0.875,0.48,-1.109,,,-2.9
E14001602,Wythenshawe and Sale East,North West,Lab,11.70%,18.70%,27.70%,22.90%,18.90%,16.80%,80.10%,47.80%,5.30%,1.70%,1.30%,0.122,2.297,-0.898,0.024,-0.544,,,-2.309
E14001603,Yeovil,South West,Con,10.50%,14.60%,20.90%,24.70%,29.30%,9.70%,95.80%,52.00%,0.50%,0.20%,0.90%,1.113,-0.344,1.7,0.022,-1.517,,,-3.038
E14001604,York Central,Yorkshire and The Humber,Lab,27.00%,17.90%,20.30%,18.70%,16.00%,14.30%,90.30%,37.50%,1.60%,0.60%,1.70%,-0.119,2.553,-0.89,-0.412,-0.454,,,-2.553
E14001605,York Outer,Yorkshire and The Humber,Con,10.70%,11.50%,22.00%,25.50%,30.30%,6.70%,95.70%,51.40%,0.80%,0.40%,1.00%,1.055,1.596,0.104,-0.163,-1.248,,,-2.553
S14000006,"Ayr, Carrick and Cumnock",Scotland,SNP,10.80%,12.00%,19.30%,27.70%,30.10%,4.00%,96.00%,41.00%,0.00%,0.00%,0.00%,0.517,1.225,-1.365,-0.464,-1.609,1.156,,-2.02
S14000008,"Berwickshire, Roxburgh and Selkirk",Scotland,Con,9.40%,11.80%,18.80%,28.20%,31.80%,6.00%,94.00%,37.00%,0.00%,0.00%,0.00%,1.344,0.405,-0.785,-0.584,-1.286,1.024,,-2.28
S14000010,Central Ayrshire,Scotland,SNP,9.60%,13.30%,20.50%,27.70%,28.90%,4.00%,96.00%,41.00%,0.00%,0.00%,0.00%,0.337,1.303,-1.33,-0.53,-1.631,1.168,,-1.601
S14000021,East Renfrewshire,Scotland,SNP,11.30%,11.30%,23.80%,26.30%,27.50%,8.00%,92.00%,46.00%,5.00%,1.00%,3.00%,0.27,1.415,-0.799,-0.546,-1.803,1.015,,-1.685
S14000027,Na h-Eileanan an Iar,Scotland,SNP,8.20%,10.60%,20.00%,29.40%,31.80%,4.00%,96.00%,63.00%,0.00%,0.00%,0.00%,-0.079,1.253,-1.196,-0.641,,1.311,,-0.446
S14000040,Kilmarnock and Loudoun,Scotland,SNP,10.80%,14.50%,21.70%,27.70%,25.30%,3.00%,97.00%,38.00%,1.00%,0.00%,0.00%,-0.077,1.436,-1.297,-0.569,-1.579,1.322,,-2.02
S14000045,Midlothian,Scotland,SNP,11.00%,15.90%,24.40%,25.60%,23.20%,8.00%,92.00%,32.00%,1.00%,0.00%,0.00%,-0.159,1.863,-1.166,-0.724,,1.031,,-2.338
S14000048,North Ayrshire and Arran,Scotland,SNP,10.60%,11.80%,20.00%,28.20%,29.40%,4.00%,96.00%,44.00%,0.00%,0.00%,0.00%,0.142,1.205,-1.319,-0.604,-1.243,1.344,,-1.572
S14000051,Orkney and Shetland,Scotland,LD,9.60%,13.30%,21.70%,27.70%,27.70%,5.00%,95.00%,34.00%,0.00%,0.00%,1.00%,-0.32,0.219,1.54,-0.572,-0.764,0.666,,
S14000058,West Aberdeenshire and Kincardine,Scotland,Con,9.90%,11.10%,24.70%,28.40%,25.90%,8.00%,92.00%,34.00%,1.00%,0.00%,0.00%,1.042,0.399,-0.21,-0.566,-1.839,1.202,,-2.553
S14000060,Aberdeen North,Scotland,SNP,13.40%,17.10%,24.40%,23.20%,22.00%,19.00%,81.00%,30.00%,3.00%,1.00%,0.00%,-0.045,0.976,-0.827,-0.532,-1.342,1.523,,-1.269
S14000061,Aberdeen South,Scotland,SNP,17.60%,18.80%,23.50%,21.20%,18.80%,23.00%,78.00%,31.00%,3.00%,1.00%,1.00%,0.498,0.807,-0.475,-0.747,-1.383,1.384,,-1.743
S14000062,Aberdeenshire North and Moray East,Scotland,Con,10.70%,13.10%,21.40%,27.40%,27.40%,7.00%,93.00%,36.00%,0.00%,0.00%,0.00%,1.097,0.405,-1.05,-0.117,,1.371,,
S14000063,Airdrie and Shotts,Scotland,SNP,12.20%,15.90%,23.20%,26.80%,22.00%,5.00%,95.00%,56.00%,2.00%,0.00%,0.00%,-0.443,1.929,-1.624,-0.641,,1.137,,-2.368
S14000064,Alloa and Grangemouth,Scotland,SNP,10.80%,14.50%,22.90%,27.70%,24.10%,5.00%,95.00%,36.00%,1.00%,0.00%,0.00%,-0.172,1.305,-1.407,-0.496,-1.401,1.398,,-1.609
S14000065,Angus and Perthshire Glens,Scotland,SNP,9.40%,11.80%,20.00%,28.20%,30.60%,7.00%,93.00%,38.00%,0.00%,0.00%,0.00%,0.832,0.381,-0.945,-0.423,,1.626,,-1.998
S14000066,Arbroath and Broughty Ferry,Scotland,SNP,10.70%,13.10%,21.40%,26.20%,28.60%,6.00%,94.00%,35.00%,1.00%,0.00%,0.00%,0.142,1.022,-0.957,-0.433,,1.527,,-1.196
S14000067,"Argyll, Bute and South Lochaber",Scotland,SNP,9.40%,10.60%,18.80%,29.40%,31.80%,6.00%,94.00%,43.00%,0.00%,0.00%,1.00%,0.685,0.591,-0.265,-0.584,,1.455,,-1.916
S14000068,Bathgate and Linlithgow,Scotland,SNP,11.10%,14.80%,24.70%,27.20%,22.20%,8.00%,92.00%,39.00%,1.00%,0.00%,0.00%,-0.149,1.505,-0.894,-0.502,-1.248,1.08,,-1.751
S14000069,"Caithness, Sutherland and Easter Ross",Scotland,SNP,9.50%,11.90%,20.20%,28.60%,29.80%,5.00%,95.00%,37.00%,0.00%,0.00%,0.00%,-0.101,0.073,1.271,-0.82,-1.152,1.052,,-1.998
S14000070,Coatbridge and Bellshill,Scotland,SNP,13.30%,15.70%,22.90%,27.70%,20.50%,4.00%,96.00%,57.00%,1.00%,0.00%,0.00%,-0.802,2.02,-1.701,-0.802,-1.401,1.037,,-2.448
S14000071,Cowdenbeath and Kirkcaldy,Scotland,SNP,10.80%,13.30%,22.90%,26.50%,26.50%,8.00%,92.00%,29.00%,1.00%,0.00%,0.00%,-0.212,1.704,-1.196,-0.613,-0.806,0.858,,-1.701
S14000072,Cumbernauld and Kirkintilloch,Scotland,SNP,12.20%,14.60%,23.20%,26.80%,23.20%,4.00%,96.00%,47.00%,1.00%,0.00%,0.00%,-0.428,1.538,-1.401,-0.691,-1.128,1.408,,
S14000073,Dumfries and Galloway,Scotland,Con,9.40%,11.80%,18.80%,28.20%,31.80%,4.00%,96.00%,39.00%,1.00%,0.00%,0.00%,0.959,0.684,-1.046,-0.099,-1.201,1.012,,-1.946
S14000074,"Dumfriesshire, Clydesdale and Tweeddale",Scotland,Con,9.50%,10.70%,19.00%,29.80%,31.00%,4.00%,96.00%,39.00%,0.00%,0.00%,0.00%,1.241,0.738,-0.929,-0.619,-1.253,0.903,,-2.415
S14000075,Dundee Central,Scotland,SNP,20.90%,18.60%,19.80%,20.90%,19.80%,15.00%,85.00%,32.00%,5.00%,1.00%,1.00%,-0.74,1.566,-1.196,-0.662,,1.49,,-1.49
S14000076,Dunfermline and Dollar,Scotland,SNP,11.00%,14.60%,24.40%,26.80%,23.20%,8.00%,92.00%,31.00%,1.00%,0.00%,0.00%,-0.161,1.545,-0.774,-0.662,-1.243,1.066,,-1.709
S14000077,East Kilbride and Strathaven,Scotland,SNP,10.80%,14.50%,21.70%,28.90%,24.10%,4.00%,96.00%,43.00%,1.00%,0.00%,0.00%,-0.139,1.574,-1.118,-0.626,-1.347,1.149,,-2.124
S14000078,Edinburgh East and Musselburgh,Scotland,SNP,22.70%,20.50%,21.60%,19.30%,15.90%,26.00%,75.00%,29.00%,4.00%,1.00%,2.00%,-0.572,1.442,-1.015,-0.921,-0.717,1.323,,-1.517
S14000079,Edinburgh North and Leith,Scotland,SNP,13.80%,26.40%,25.30%,19.50%,14.90%,27.00%,74.00%,28.00%,3.00%,1.00%,1.00%,-0.327,1.308,-0.532,-1.024,-0.581,1.24,,-1.558
S14000080,Edinburgh South,Scotland,Lab,20.90%,16.30%,20.90%,20.90%,20.90%,23.00%,78.00%,30.00%,4.00%,1.00%,1.00%,-0.433,2.159,-0.688,-0.917,-0.781,0.285,,-2.053
S14000081,Edinburgh South West,Scotland,SNP,19.80%,19.80%,23.30%,19.80%,17.40%,24.00%,77.00%,30.00%,4.00%,3.00%,1.00%,-0.101,1.333,-0.737,-0.813,-1.222,1.24,,-1.28
S14000082,Edinburgh West,Scotland,LD,9.80%,13.40%,25.60%,25.60%,25.60%,15.00%,86.00%,35.00%,3.00%,2.00%,0.00%,-0.231,0.37,1.23,-0.733,-1.095,0.855,,-1.365
S14000083,Falkirk,Scotland,SNP,12.00%,15.70%,22.90%,26.50%,22.90%,6.00%,94.00%,38.00%,2.00%,0.00%,0.00%,-0.071,1.245,-1.109,-0.47,-1.407,1.365,,-1.572
S14000084,Glasgow East,Scotland,SNP,14.50%,22.90%,22.90%,22.90%,16.90%,21.00%,80.00%,43.00%,9.00%,2.00%,0.00%,-0.697,1.763,-1.751,-0.549,-0.827,1.108,,-1.946
S14000085,Glasgow North,Scotland,SNP,28.70%,21.80%,19.50%,17.20%,12.60%,27.00%,74.00%,33.00%,7.00%,2.00%,2.00%,-1.123,1.794,-1.49,-0.969,-0.616,1.128,,-1.558
S14000086,Glasgow North East,Scotland,SNP,16.50%,21.20%,22.40%,23.50%,16.50%,18.00%,82.00%,46.00%,5.00%,1.00%,0.00%,-0.902,1.857,-1.858,-0.917,-0.849,1.163,,-1.946
S14000087,Glasgow South,Scotland,SNP,10.60%,23.50%,24.70%,22.40%,18.80%,14.00%,87.00%,38.00%,8.00%,1.00%,1.00%,-0.626,1.681,-1.451,-1.037,-0.76,1.257,,-1.946
S14000088,Glasgow South West,Scotland,SNP,14.50%,20.50%,24.10%,24.10%,16.90%,14.00%,87.00%,38.00%,8.00%,1.00%,1.00%,-0.558,1.704,-1.594,-0.849,-1.123,1.247,,-1.896
S14000089,Glasgow West,Scotland,SNP,16.50%,21.20%,22.40%,22.40%,17.60%,18.00%,83.00%,36.00%,5.00%,1.00%,0.00%,-0.572,1.858,-1.496,-1.133,-0.957,1.085,,-1.956
S14000090,Glenrothes and Mid Fife,Scotland,SNP,12.00%,14.50%,21.70%,26.50%,25.30%,5.00%,95.00%,29.00%,1.00%,0.00%,0.00%,-0.415,1.728,-1.444,-0.486,,1.341,,
S14000091,Gordon and Buchan,Scotland,Con,9.90%,12.30%,24.70%,27.20%,25.90%,6.00%,94.00%,33.00%,0.00%,0.00%,0.00%,1.129,0.495,-0.287,-0.385,,1.167,,
S14000092,Hamilton and Clyde Valley,Scotland,SNP,12.00%,14.50%,22.90%,26.50%,24.10%,5.00%,95.00%,48.00%,1.00%,0.00%,0.00%,-0.052,1.856,-1.371,-0.619,,0.99,,-2.186
S14000093,Inverclyde and Renfrewshire West,Scotland,SNP,10.80%,13.30%,20.50%,28.90%,26.50%,4.00%,96.00%,59.00%,1.00%,0.00%,0.00%,-0.397,1.783,-1.269,-0.781,-1.594,1.126,,-2.252
S14000094,"Inverness, Skye and West Ross-shire",Scotland,SNP,10.70%,14.30%,22.60%,27.40%,25.00%,9.00%,91.00%,38.00%,1.00%,0.00%,1.00%,-0.022,0.824,0.107,-0.616,-1.49,1.351,,-1.353
S14000095,Livingston,Scotland,SNP,12.30%,14.80%,24.70%,27.20%,21.00%,10.00%,90.00%,37.00%,2.00%,1.00%,0.00%,-0.258,1.52,-1.142,-0.552,-1.353,1.2,,-1.594
S14000096,Lothian East,Scotland,SNP,9.90%,13.60%,23.50%,27.20%,25.90%,7.00%,93.00%,35.00%,1.00%,0.00%,0.00%,-0.129,1.819,-1.201,-0.662,-1.308,0.824,,-1.936
S14000097,Mid Dunbartonshire,Scotland,SNP,9.60%,10.80%,22.90%,26.50%,30.10%,7.00%,93.00%,46.00%,1.00%,1.00%,1.00%,-0.245,0.474,1.356,-0.965,-1.319,0.831,,-1.998
S14000098,"Moray West, Nairn and Strathspey",Scotland,SNP,10.70%,13.10%,21.40%,27.40%,27.40%,7.00%,93.00%,34.00%,0.00%,0.00%,1.00%,0.844,0.557,-0.856,-0.443,-1.438,1.365,,-2.161
S14000099,"Motherwell, Wishaw and Carluke",Scotland,SNP,12.20%,14.60%,23.20%,26.80%,23.20%,6.00%,94.00%,51.00%,2.00%,0.00%,0.00%,-0.294,1.56,-1.444,-0.488,-1.662,1.293,,-2.252
S14000100,North East Fife,Scotland,SNP,18.60%,10.50%,17.40%,25.60%,27.90%,11.00%,89.00%,37.00%,1.00%,0.00%,0.00%,-0.283,0.027,1.456,-1.003,-1.186,1.107,,
S14000101,Paisley and Renfrewshire North,Scotland,SNP,10.80%,16.90%,24.10%,25.30%,22.90%,8.00%,92.00%,43.00%,2.00%,1.00%,1.00%,-0.276,1.748,-1.269,-0.74,-1.503,1.177,,
S14000102,Paisley and Renfrewshire South,Scotland,SNP,11.90%,16.70%,21.40%,27.40%,22.60%,7.00%,93.00%,45.00%,1.00%,0.00%,0.00%,-0.433,1.714,-1.201,-0.781,-1.693,1.21,,-2.065
S14000103,Perth and Kinross-shire,Scotland,SNP,10.80%,13.30%,21.70%,26.50%,27.70%,10.00%,90.00%,38.00%,1.00%,0.00%,0.00%,0.798,0.708,-0.73,-0.446,,1.396,,-1.998
S14000104,Rutherglen,Scotland,SNP,11.00%,14.60%,24.40%,25.60%,24.40%,6.00%,94.00%,48.00%,3.00%,0.00%,0.00%,-0.496,2.04,-1.186,-0.666,,0.946,,-2.042
S14000105,Stirling and Strathallan,Scotland,SNP,15.50%,13.10%,20.20%,26.20%,25.00%,9.00%,92.00%,39.00%,1.00%,0.00%,0.00%,0.356,1.21,-0.871,-0.662,-1.365,1.303,,
S14000106,West Dunbartonshire,Scotland,SNP,11.00%,14.60%,22.00%,28.00%,24.40%,5.00%,95.00%,51.00%,1.00%,0.00%,0.00%,-0.629,1.753,-1.677,-0.767,-1.286,1.25,,-2.28
W07000081,Aberafan Maesteg,Wales,Lab,11.80%,15.20%,22.10%,25.60%,25.30%,3.40%,96.90%,40.10%,0.80%,0.30%,0.80%,-0.184,2.131,-1.401,0.286,-1.166,,-0.387,-1.956
W07000082,Alyn and Deeside,Wales,Lab,11.00%,15.90%,23.30%,25.60%,24.20%,7.80%,97.30%,51.00%,0.60%,0.30%,0.60%,0.51,1.869,-1.011,0.298,-1.059,,-1.086,-1.936
W07000083,Bangor Aberconwy,Wales,Con,15.20%,12.80%,18.70%,25.40%,28.00%,7.20%,95.20%,48.20%,1.30%,0.30%,1.10%,0.683,1.652,-1.259,-0.009,-1.313,,0.142,-2.778
W07000084,Blaenau Gwent and Rhymney,Wales,Lab,11.60%,16.30%,21.50%,26.30%,24.30%,2.90%,97.90%,35.50%,0.40%,0.10%,0.90%,0.319,2.396,-1.308,,-1.133,,-0.392,-0.89
W07000085,"Brecon, Radnor and Cwm Tawe",Wales,Con,9.50%,12.20%,19.00%,26.80%,32.50%,4.40%,97.40%,47.10%,0.30%,0.30%,1.40%,0.879,0.631,1.038,0.08,-1.639,,-0.587,-2.712
W07000086,Bridgend,Wales,Con,10.60%,15.70%,22.60%,25.50%,25.60%,5.30%,96.10%,42.60%,0.70%,0.20%,0.90%,0.673,1.784,-1.077,0.207,-1.028,,-0.941,-1.743
W07000087,Caerfyrddin,Wales,Con,10.30%,12.20%,19.70%,26.80%,31.00%,4.80%,97.20%,49.60%,0.60%,0.30%,1.20%,0.636,0.866,-1.354,-0.12,-1.297,,1.166,-1.192
W07000088,Caerphilly,Wales,Lab,11.60%,15.50%,23.50%,25.00%,24.40%,3.20%,97.50%,37.00%,0.30%,0.20%,0.70%,0.162,1.771,-1.594,0.31,-1.206,,0.245,
W07000089,Cardiff East,Wales,Lab,20.30%,19.40%,23.00%,19.70%,17.70%,18.40%,77.40%,38.40%,9.80%,1.40%,1.80%,-0.161,2.177,0.034,-0.433,-0.978,,-1.118,-1.743
W07000090,Cardiff North,Wales,Lab,15.00%,15.20%,23.40%,23.50%,22.90%,10.10%,87.70%,44.70%,4.10%,1.10%,1.30%,0.513,2.089,-0.656,-0.274,-0.799,,-1.166,
W07000091,Cardiff South and Penarth,Wales,Lab,27.20%,20.00%,20.30%,16.80%,15.70%,20.50%,75.50%,34.10%,12.10%,2.00%,1.80%,0.252,2.287,-0.917,-0.405,-0.76,,-0.945,
W07000092,Cardiff West,Wales,Lab,12.70%,17.70%,25.30%,23.80%,20.50%,11.70%,83.90%,40.50%,6.70%,1.00%,1.40%,0.347,2,-1.011,-0.203,-0.733,,-0.538,-1.977
W07000093,Ceredigion Preseli,Wales,PC,15.30%,11.40%,16.70%,25.50%,31.10%,6.40%,96.70%,47.10%,0.60%,0.20%,1.60%,0.137,0.586,-0.17,0.052,-1.319,,1.394,-2.61
W07000094,Clwyd East,Wales,Con,10.40%,12.00%,19.50%,27.50%,30.60%,4.00%,97.90%,51.70%,0.40%,0.20%,0.70%,0.913,1.725,-1.166,0.082,-1.371,,-0.733,-2.432
W07000095,Clwyd North,Wales,Con,10.80%,13.30%,19.70%,25.50%,30.70%,5.20%,95.90%,48.60%,1.00%,0.30%,1.10%,0.806,1.806,-1.217,0.172,-1.544,,-0.535,
W07000096,Dwyfor Meirionnydd,Wales,PC,10.10%,12.80%,19.30%,26.90%,30.90%,3.40%,98.20%,48.30%,0.30%,0.10%,0.90%,0.018,0.789,-1.407,0.068,-1.464,,1.625,-2.535
W07000097,Gower,Wales,Lab,11.20%,12.40%,21.30%,25.60%,29.60%,5.20%,95.70%,46.50%,1.20%,0.30%,0.80%,0.476,1.842,-0.871,0.241,-1.037,,-0.799,-2.173
W07000098,Llanelli,Wales,Lab,11.10%,14.40%,21.20%,25.90%,27.40%,5.30%,97.30%,45.60%,0.50%,0.20%,0.90%,0.178,1.545,-1.53,0.462,-1.286,,0.406,-1.946
W07000099,Merthyr Tydfil and Aberdare,Wales,Lab,11.90%,16.30%,22.30%,25.20%,24.30%,4.50%,97.40%,41.50%,0.50%,0.20%,0.70%,-0.153,1.964,-1.319,0.393,-1.191,,-0.363,-1.264
W07000100,Mid and South Pembrokeshire,Wales,Con,10.50%,13.00%,19.30%,26.40%,30.80%,4.90%,97.40%,48.90%,0.50%,0.10%,1.00%,0.932,1.649,-1.128,0.192,-1.537,,-0.604,-2.629
W07000101,Monmouthshire,Wales,Con,9.50%,11.80%,20.10%,27.80%,30.80%,5.50%,96.90%,48.70%,0.50%,0.20%,1.20%,1.05,1.663,-0.913,-0.005,-1.118,,-1.166,-2.465
W07000102,Montgomeryshire and Glyndwr,Wales,Con,10.70%,13.00%,19.90%,27.10%,29.20%,4.60%,98.00%,47.90%,0.40%,0.10%,0.90%,1.056,1.275,-0.143,0.333,-1.464,,-0.774,
W07000103,Neath and Swansea East,Wales,Lab,14.20%,15.20%,22.00%,24.20%,24.50%,5.20%,95.60%,41.80%,1.00%,0.30%,0.80%,0.144,1.902,-1.037,0.335,-1.077,,-0.182,
W07000104,Newport East,Wales,Lab,12.80%,19.70%,23.60%,23.70%,20.30%,13.80%,83.90%,41.20%,8.70%,0.40%,1.00%,0.443,1.932,-0.99,0.2,-0.957,,-1.162,-1.759
W07000105,Newport West and Islwyn,Wales,Lab,11.00%,15.50%,23.90%,25.20%,24.40%,5.70%,93.60%,41.50%,1.80%,0.40%,1.10%,0.452,1.815,-1.086,0.421,-1.104,,-0.906,-1.734
W07000106,Pontypridd,Wales,Lab,13.60%,16.50%,23.10%,24.10%,22.70%,4.90%,95.70%,36.80%,0.80%,0.30%,0.90%,0.172,1.75,-1.114,0.286,-1.082,,0.013,-1.743
W07000107,Rhondda and Ogmore,Wales,Lab,12.80%,16.00%,21.60%,25.40%,24.30%,2.60%,97.60%,31.40%,0.40%,0.10%,0.80%,-0.441,2.306,-1.537,0.267,-1.191,,-0.322,
W07000108,Swansea West,Wales,Lab,20.50%,16.10%,20.90%,21.40%,21.10%,13.90%,86.60%,37.10%,5.60%,0.60%,1.40%,0.09,1.87,-0.392,0.144,-1.02,,-0.653,-1.483
W07000109,Torfaen,Wales,Lab,11.30%,16.10%,21.60%,25.40%,25.60%,3.60%,97.10%,41.50%,0.40%,0.30%,0.90%,0.286,1.855,-1.073,0.478,-1.104,,-0.827,-1.839
W07000110,Vale of Glamorgan,Wales,Con,11.20%,14.90%,22.50%,25.60%,25.90%,5.10%,95.20%,43.30%,0.80%,0.20%,1.00%,0.84,1.97,-1.565,-0.039,-0.986,,-1.49,-2.499
W07000111,Wrexham,Wales,Con,11.40%,15.30%,23.50%,25.10%,24.80%,9.10%,95.40%,50.80%,1.30%,0.30%,0.80%,0.813,1.76,-1.212,0.192,-1.342,,-0.724,-2.448
W07000112,Ynys Mn,Wales,Con,10.10%,12.30%,19.20%,26.60%,31.80%,3.30%,98.10%,51.50%,0.50%,0.10%,0.60%,0.621,1.162,-1.7,-0.082,-1.438,,1.08,-2.395
